Source File	Size	loadResources	load	generateSnapshots	load-configure	scan	loadDepInfo	loadInfo	checkR4R4B	generateNarratives	validate	loadLists	checkConformanceResources	checkConformanceResources2	checkConformanceResources3	generateLogicalMaps	validateExpressions	scanForUsageStats	checkURLsUnique	processProvenanceDetails	generate1	generate2	generateLogicals	makeDependencies	generateExampleZip	generateValidationPack	scanProfilesForR5	scanExamplesForR5
/fsh-generated/resources/ImplementationGuide-smart.who.int.dak-immz.json	372277	-	0	0	0	0	0	0	13	522	0	0	0	0	0	0	0	3	0	0	781	1194	0	0	0	55	0	4
fsh-generated/resources/ActorDefinition-communityhealthworker.json	495	6	0	0	1	0	0	1	0	13	0	0	0	0	1	0	0	0	0	0	32	40	0	0	0	1	0	0
fsh-generated/resources/ActorDefinition-eirstaff.json	427	5	0	0	0	0	0	0	0	12	0	0	0	0	0	0	0	0	0	0	31	43	0	0	0	0	0	0
fsh-generated/resources/ActorDefinition-eirstafforhealthworker.json	506	5	0	0	0	0	0	0	0	12	0	0	0	0	0	0	0	0	0	0	31	32	0	0	0	1	0	0
fsh-generated/resources/ActorDefinition-electronicimmunizationregistryeirstaff.json	592	5	0	0	0	0	0	0	0	12	0	0	0	0	0	0	0	0	0	0	29	32	0	0	0	0	0	0
fsh-generated/resources/ActorDefinition-healthworker.json	447	8	0	0	0	0	0	0	0	11	0	0	0	0	0	0	0	0	0	0	33	33	0	0	0	0	0	0
fsh-generated/resources/CodeSystem-FXREQBusinessProcesses.json	1156	5	0	0	0	0	0	0	0	14	0	0	1	0	0	0	0	0	0	0	33	2044	0	0	0	1	0	1
fsh-generated/resources/CodeSystem-FXREQCategories.json	1307	5	0	0	1	0	0	0	0	7	0	0	0	0	0	0	0	0	0	0	30	73	0	0	0	1	0	0
fsh-generated/resources/Requirements-IMMZ.FXNREQ.001.A.json	2090	6	0	0	0	0	0	0	0	7	0	0	0	0	0	0	0	1	0	0	34	33	0	0	0	0	0	0
fsh-generated/resources/Requirements-IMMZ.FXNREQ.002.A.json	1688	9	0	0	0	0	0	0	0	5	0	0	0	0	0	0	0	0	0	0	27	30	0	0	0	1	0	0
fsh-generated/resources/Requirements-IMMZ.FXNREQ.003.A.json	1662	8	0	0	0	0	0	0	0	6	0	0	0	0	0	0	0	0	0	0	28	18	0	0	0	0	0	0
fsh-generated/resources/Requirements-IMMZ.FXNREQ.004.A.json	1756	6	0	0	1	0	0	0	1	6	0	0	0	0	0	0	0	0	0	0	34	18	0	0	0	1	0	0
fsh-generated/resources/Requirements-IMMZ.FXNREQ.005.A.json	1733	6	0	0	0	0	0	0	0	6	0	0	0	0	0	0	0	0	0	0	29	18	0	0	0	0	0	0
fsh-generated/resources/Requirements-IMMZ.FXNREQ.006.A.json	1629	5	0	0	0	0	0	0	0	5	0	0	0	0	0	0	0	0	0	0	20	18	0	0	0	0	0	0
fsh-generated/resources/Requirements-IMMZ.FXNREQ.007.A.json	1719	6	0	0	0	0	0	0	0	6	0	0	0	0	0	0	0	0	0	0	27	27	0	0	0	1	0	0
fsh-generated/resources/Requirements-IMMZ.FXNREQ.008.A.json	1553	5	0	0	1	0	0	0	0	6	0	0	0	0	0	0	0	0	0	0	19	20	0	0	0	0	0	0
fsh-generated/resources/Requirements-IMMZ.FXNREQ.009.A.json	1639	5	0	0	0	0	0	0	0	5	0	0	0	0	0	0	0	0	0	0	30	17	0	0	0	1	0	0
fsh-generated/resources/Requirements-IMMZ.FXNREQ.010.A.json	1752	6	0	0	0	0	0	0	1	6	0	0	0	0	0	0	0	0	0	0	22	20	0	0	0	0	0	0
fsh-generated/resources/Requirements-IMMZ.FXNREQ.011.A.json	1550	5	0	0	0	0	0	0	0	6	0	0	0	0	0	0	0	0	0	0	19	19	0	0	0	0	0	0
fsh-generated/resources/Requirements-IMMZ.FXNREQ.012.A.json	1498	6	0	0	0	0	0	0	0	6	0	0	0	0	0	0	0	0	0	0	28	18	0	0	0	1	0	0
fsh-generated/resources/Requirements-IMMZ.FXNREQ.013.A.json	1492	5	0	0	0	0	0	0	0	5	0	0	0	0	0	0	0	0	0	0	33	27	0	0	0	0	0	0
fsh-generated/resources/Requirements-IMMZ.FXNREQ.014.A.json	1566	6	0	0	1	0	0	0	0	6	0	0	0	0	0	0	0	0	0	0	22	18	0	0	0	1	0	0
fsh-generated/resources/Requirements-IMMZ.FXNREQ.015.A.json	1649	5	0	0	0	0	0	0	1	6	0	0	0	0	0	0	0	0	0	0	19	23	0	0	0	0	0	0
fsh-generated/resources/Requirements-IMMZ.FXNREQ.016.A.json	1655	5	0	0	0	0	0	0	0	5	0	0	0	0	0	0	0	0	0	0	22	30	0	0	0	0	0	0
fsh-generated/resources/Requirements-IMMZ.FXNREQ.017.A.json	1593	6	0	0	0	0	0	0	0	6	0	0	0	0	0	0	0	0	0	0	18	24	0	0	0	1	0	0
fsh-generated/resources/Requirements-IMMZ.FXNREQ.018.B.json	1749	5	0	0	0	0	0	0	0	6	0	0	0	0	0	0	0	0	0	0	26	18	0	0	0	0	0	0
fsh-generated/resources/Requirements-IMMZ.FXNREQ.019.B.json	1561	5	0	0	0	0	0	0	0	6	0	0	0	0	0	0	0	0	0	0	19	17	0	0	0	1	0	0
fsh-generated/resources/Requirements-IMMZ.FXNREQ.020.B.json	1777	6	0	0	1	0	0	0	0	5	0	0	0	0	0	0	0	0	0	0	19	18	0	0	0	0	0	0
fsh-generated/resources/Requirements-IMMZ.FXNREQ.021.B.json	1692	5	0	0	0	0	0	0	1	6	0	0	0	0	0	0	0	0	0	0	22	92	0	0	0	0	0	0
fsh-generated/resources/Requirements-IMMZ.FXNREQ.022.B.json	1630	5	0	0	0	0	0	0	0	6	0	0	0	0	0	0	0	0	0	0	19	32	0	0	0	1	0	0
fsh-generated/resources/Requirements-IMMZ.FXNREQ.023.B.json	1624	8	0	0	0	0	0	0	0	5	0	0	0	0	0	0	0	0	0	0	19	18	0	0	0	0	0	0
fsh-generated/resources/Requirements-IMMZ.FXNREQ.030.B.json	1504	5	0	0	0	0	0	0	0	6	0	0	0	0	0	0	0	0	0	0	19	26	0	0	0	0	0	0
fsh-generated/resources/Requirements-IMMZ.FXNREQ.031.B.json	1472	5	0	0	0	0	0	0	0	5	0	0	0	0	0	0	0	0	0	0	19	18	0	0	0	1	0	0
fsh-generated/resources/Requirements-IMMZ.FXNREQ.032.B.json	1624	6	0	0	0	0	0	0	0	6	0	0	0	0	0	0	0	0	0	0	18	18	0	0	0	0	0	0
fsh-generated/resources/Requirements-IMMZ.FXNREQ.033.B.json	1736	5	0	0	1	0	0	0	0	6	0	0	0	0	0	0	0	0	0	0	29	17	0	0	0	1	0	0
fsh-generated/resources/Requirements-IMMZ.FXNREQ.034.B.json	1772	5	0	0	0	0	0	0	1	11	0	0	0	0	0	0	0	0	0	0	22	18	0	0	0	0	0	0
fsh-generated/resources/Requirements-IMMZ.FXNREQ.035.C.json	1559	6	0	0	0	0	0	0	0	7	0	0	0	0	0	0	0	0	0	0	19	17	0	0	0	0	0	0
fsh-generated/resources/Requirements-IMMZ.FXNREQ.036.C.json	1515	9	0	0	0	0	0	0	0	6	0	0	0	0	0	0	0	0	0	0	19	16	0	0	0	1	0	0
fsh-generated/resources/Requirements-IMMZ.FXNREQ.037.C.json	1453	6	0	0	0	0	0	0	0	6	0	0	0	0	0	0	0	0	0	0	18	17	0	0	0	0	0	1
fsh-generated/resources/Requirements-IMMZ.FXNREQ.038.C.json	1489	5	0	0	0	0	0	0	0	6	0	0	0	0	0	0	0	0	0	0	19	18	0	0	0	0	0	0
fsh-generated/resources/Requirements-IMMZ.FXNREQ.039.C.json	1619	5	0	0	0	0	0	0	0	6	0	0	0	0	0	0	0	0	0	0	19	17	0	0	0	1	0	0
fsh-generated/resources/Requirements-IMMZ.FXNREQ.040.C.json	1527	5	0	0	1	0	0	0	1	6	0	0	0	0	0	0	0	0	0	0	19	17	0	0	0	0	0	0
fsh-generated/resources/Requirements-IMMZ.FXNREQ.041.C.json	1473	6	0	0	0	0	0	0	0	7	0	0	0	0	0	0	0	0	0	0	19	16	0	0	0	1	0	0
fsh-generated/resources/Requirements-IMMZ.FXNREQ.042.C.json	1579	5	0	0	0	0	0	0	0	6	0	0	0	0	0	0	0	0	0	0	19	17	0	0	0	0	0	0
fsh-generated/resources/Requirements-IMMZ.FXNREQ.043.C.json	1511	6	0	0	0	0	0	0	0	5	0	0	0	0	0	0	0	0	0	0	19	17	0	0	0	0	0	0
fsh-generated/resources/Requirements-IMMZ.FXNREQ.044.C.json	1541	5	0	0	0	0	0	0	0	10	0	0	0	0	0	0	0	0	0	0	22	16	0	0	0	1	0	0
fsh-generated/resources/Requirements-IMMZ.FXNREQ.045.C.json	1581	5	0	0	0	0	0	0	0	6	0	0	0	0	0	0	0	0	0	0	19	18	0	0	0	0	0	0
fsh-generated/resources/Requirements-IMMZ.FXNREQ.046.C.json	1451	6	0	0	0	0	0	0	1	6	0	0	0	0	0	0	0	0	0	0	19	17	0	0	0	1	0	0
fsh-generated/resources/Requirements-IMMZ.FXNREQ.047.C.json	1549	5	0	0	1	0	0	0	0	5	0	0	0	0	0	0	0	0	0	0	18	18	0	0	0	0	0	0
fsh-generated/resources/Requirements-IMMZ.FXNREQ.048.C.json	1513	5	0	0	0	0	0	0	0	7	0	0	0	0	0	0	0	0	0	0	20	18	0	0	0	0	0	0
fsh-generated/resources/Requirements-IMMZ.FXNREQ.049.C.json	1530	5	0	0	0	0	0	0	0	7	0	0	0	0	0	0	0	0	0	0	19	18	0	0	0	1	0	0
fsh-generated/resources/Requirements-IMMZ.FXNREQ.050.C.json	1461	6	0	0	0	0	0	0	0	7	0	0	0	0	0	0	0	0	0	0	18	19	0	0	0	0	0	0
fsh-generated/resources/Requirements-IMMZ.FXNREQ.051.C.json	1475	6	0	0	0	0	0	0	0	6	0	0	0	0	0	0	0	0	0	0	18	17	0	0	0	0	0	0
fsh-generated/resources/Requirements-IMMZ.FXNREQ.052.C.json	1712	5	0	0	0	0	0	0	1	6	0	0	0	0	0	0	0	0	0	0	19	26	0	0	0	1	0	0
fsh-generated/resources/Requirements-IMMZ.FXNREQ.053.C.json	1546	5	0	0	0	0	0	0	0	6	0	0	0	0	0	0	0	0	0	0	19	19	0	0	0	0	0	0
fsh-generated/resources/Requirements-IMMZ.FXNREQ.054.C.json	1422	6	0	0	0	0	0	0	0	6	0	0	0	0	0	0	0	0	0	0	19	17	0	0	0	1	0	0
fsh-generated/resources/Requirements-IMMZ.FXNREQ.055.C.json	1539	5	0	0	1	0	0	0	0	6	0	0	0	0	0	0	0	0	0	0	21	19	0	0	0	0	0	0
fsh-generated/resources/Requirements-IMMZ.FXNREQ.056.C.json	1637	5	0	0	0	0	0	0	0	6	0	0	0	0	0	0	0	0	0	0	20	17	0	0	0	0	0	0
fsh-generated/resources/Requirements-IMMZ.FXNREQ.057.C.json	1509	5	0	0	0	0	0	0	0	5	0	0	0	0	0	0	0	0	0	0	19	17	0	0	0	1	0	0
fsh-generated/resources/Requirements-IMMZ.FXNREQ.058.C.json	1469	6	0	0	0	0	0	0	0	6	0	0	0	0	0	0	0	0	0	0	20	18	0	0	0	0	0	0
fsh-generated/resources/Requirements-IMMZ.FXNREQ.059.C.json	1487	5	0	0	0	0	0	0	0	5	0	0	0	0	0	0	0	0	0	0	19	19	0	0	0	0	0	0
fsh-generated/resources/Requirements-IMMZ.FXNREQ.060.C.json	1593	5	0	0	0	0	0	0	0	6	0	0	0	0	0	0	0	0	0	0	19	19	0	0	0	1	0	0
fsh-generated/resources/Requirements-IMMZ.FXNREQ.061.D.json	1565	5	0	0	1	0	0	0	0	6	0	0	0	0	0	0	0	0	0	0	19	19	0	0	0	0	0	0
fsh-generated/resources/Requirements-IMMZ.FXNREQ.062.D.json	1567	5	0	0	0	0	0	0	0	6	0	0	0	0	0	0	0	0	0	0	18	17	0	0	0	1	0	0
fsh-generated/resources/Requirements-IMMZ.FXNREQ.063.D.json	1558	5	0	0	0	0	0	0	1	6	0	0	0	0	0	0	0	0	0	0	19	17	0	0	0	0	0	0
fsh-generated/resources/Requirements-IMMZ.FXNREQ.064.D.json	1830	6	0	0	0	0	0	0	0	46	0	0	0	0	0	0	0	0	0	0	20	23	0	0	0	0	0	0
fsh-generated/resources/Requirements-IMMZ.FXNREQ.065.D.json	1512	5	0	0	0	0	0	0	0	6	0	0	0	0	0	0	0	0	0	0	19	20	0	0	0	1	0	0
fsh-generated/resources/Requirements-IMMZ.FXNREQ.066.D.json	1753	5	0	0	0	0	0	0	0	6	0	0	0	0	0	0	0	0	0	0	23	17	0	0	0	0	0	0
fsh-generated/resources/Requirements-IMMZ.FXNREQ.067.D.json	1695	5	0	0	0	0	0	0	0	5	0	0	0	0	0	0	0	0	0	0	22	17	0	0	0	1	0	0
fsh-generated/resources/Requirements-IMMZ.FXNREQ.068.D.json	1561	5	0	0	0	0	0	0	0	6	0	0	0	0	0	0	0	0	0	0	27	20	0	0	0	0	0	0
fsh-generated/resources/Requirements-IMMZ.FXNREQ.069.D.json	1567	5	0	0	0	0	0	0	0	6	0	0	0	0	0	0	0	0	0	0	20	17	0	0	0	1	0	0
fsh-generated/resources/Requirements-IMMZ.FXNREQ.070.D.json	1611	5	0	0	0	0	0	0	0	6	0	0	0	0	0	0	0	0	0	0	19	17	0	0	0	0	0	0
fsh-generated/resources/Requirements-IMMZ.FXNREQ.071.D.json	1517	5	0	0	0	0	0	0	0	5	0	0	0	0	0	0	0	0	0	0	19	19	0	0	0	0	0	0
fsh-generated/resources/Requirements-IMMZ.FXNREQ.072.D.json	1409	5	0	0	1	0	0	0	0	6	0	0	0	0	0	0	0	0	0	0	19	18	0	0	0	1	0	0
fsh-generated/resources/Requirements-IMMZ.FXNREQ.073.D.json	1693	5	0	0	0	0	0	0	0	5	0	0	0	0	0	0	0	0	0	0	22	17	0	0	0	0	0	0
fsh-generated/resources/Requirements-IMMZ.FXNREQ.074.D.json	1711	6	0	0	0	0	0	0	0	6	0	0	0	0	0	0	0	0	0	0	19	18	0	0	0	1	0	0
fsh-generated/resources/Requirements-IMMZ.FXNREQ.075.D.json	1539	5	0	0	0	0	0	0	0	6	0	0	0	0	0	0	0	0	0	0	18	17	0	0	0	0	0	0
fsh-generated/resources/Requirements-IMMZ.FXNREQ.076.D.json	1453	5	0	0	0	0	0	0	0	5	0	0	0	0	0	0	0	0	0	0	24	17	0	0	0	0	0	0
fsh-generated/resources/Requirements-IMMZ.FXNREQ.077.D.json	1473	5	0	0	0	0	0	0	1	6	0	0	0	0	0	0	0	0	0	0	18	18	0	0	0	1	0	0
fsh-generated/resources/Requirements-IMMZ.FXNREQ.078.D.json	1577	6	0	0	1	0	0	0	0	6	0	0	0	0	0	0	0	0	0	0	22	16	0	0	0	0	0	0
fsh-generated/resources/Requirements-IMMZ.FXNREQ.080.D.json	1560	5	0	0	0	0	0	0	0	5	0	0	0	0	0	0	0	0	0	0	25	17	0	0	0	0	0	1
fsh-generated/resources/Requirements-IMMZ.FXNREQ.081.D.json	1565	5	0	0	0	0	0	0	0	7	0	0	0	0	0	0	0	0	0	0	19	17	0	0	0	1	0	0
fsh-generated/resources/Requirements-IMMZ.FXNREQ.082.D.json	1656	5	0	0	0	0	0	0	0	6	0	0	0	0	0	0	0	0	0	0	20	16	0	0	0	0	0	0
fsh-generated/resources/Requirements-IMMZ.FXNREQ.083.D.json	1596	5	0	0	0	0	0	0	0	6	0	0	0	0	0	0	0	0	0	0	17	17	0	0	0	1	0	0
fsh-generated/resources/Requirements-IMMZ.FXNREQ.084.E.json	1682	5	0	0	0	0	0	0	0	5	0	0	0	0	0	0	0	0	0	0	20	17	0	0	0	0	0	0
fsh-generated/resources/Requirements-IMMZ.FXNREQ.085.E.json	1590	5	0	0	0	0	0	0	0	7	0	0	0	0	0	0	0	0	0	0	18	17	0	0	0	0	0	0
fsh-generated/resources/Requirements-IMMZ.FXNREQ.086.E.json	1636	5	0	0	0	0	0	0	0	6	0	0	0	0	0	0	0	0	0	0	18	17	0	0	0	1	0	0
fsh-generated/resources/Requirements-IMMZ.FXNREQ.087.E.json	1730	5	0	0	0	0	0	0	0	6	0	0	0	0	0	0	0	0	0	0	18	17	0	0	0	0	0	0
fsh-generated/resources/Requirements-IMMZ.FXNREQ.088.E.json	1490	5	0	0	1	0	0	0	0	9	0	0	0	0	0	0	0	0	0	0	18	16	0	0	0	1	0	0
fsh-generated/resources/Requirements-IMMZ.FXNREQ.089.E.json	1600	5	0	0	0	0	0	0	0	6	0	0	0	0	0	0	0	0	0	0	21	19	0	0	0	0	0	0
fsh-generated/resources/Requirements-IMMZ.FXNREQ.090.E.json	1656	5	0	0	0	0	0	0	0	5	0	0	0	0	0	0	0	0	0	0	18	17	0	0	0	0	0	0
fsh-generated/resources/Requirements-IMMZ.FXNREQ.091.E.json	1490	5	0	0	0	0	0	0	0	7	0	0	0	0	0	0	0	0	0	0	17	17	0	0	0	1	0	0
fsh-generated/resources/Requirements-IMMZ.FXNREQ.092.E.json	1478	5	0	0	0	0	0	0	0	5	0	0	0	0	0	0	0	0	0	0	18	16	0	0	0	0	0	0
fsh-generated/resources/Requirements-IMMZ.FXNREQ.093.E.json	1456	5	0	0	0	0	0	0	1	6	0	0	0	0	0	0	0	0	0	0	18	17	0	0	0	1	0	0
fsh-generated/resources/Requirements-IMMZ.FXNREQ.094.E.json	1548	5	0	0	0	0	0	0	0	5	0	0	0	0	0	0	0	0	0	0	20	17	0	0	0	0	0	0
fsh-generated/resources/Requirements-IMMZ.FXNREQ.095.E.json	1710	5	0	0	0	0	0	0	0	6	0	0	0	0	0	0	0	0	0	0	19	18	0	0	0	0	0	0
fsh-generated/resources/Requirements-IMMZ.FXNREQ.096.E.json	1694	5	0	0	0	0	0	0	0	7	0	0	0	0	0	0	0	0	0	0	17	17	0	0	0	1	0	0
fsh-generated/resources/Requirements-IMMZ.FXNREQ.097.F.json	1665	5	0	0	1	0	0	0	0	6	0	0	0	0	0	0	0	0	0	0	18	16	0	0	0	0	0	0
fsh-generated/resources/Requirements-IMMZ.FXNREQ.098.F.json	1627	5	0	0	0	0	0	0	0	5	0	0	0	0	0	0	0	0	0	0	18	17	0	0	0	1	0	0
fsh-generated/resources/Requirements-IMMZ.FXNREQ.099.F.json	1751	5	0	0	0	0	0	0	0	6	0	0	0	0	0	0	0	0	0	0	19	16	0	0	0	0	0	0
fsh-generated/resources/Requirements-IMMZ.FXNREQ.100.F.json	1547	5	0	0	0	0	0	0	0	5	0	0	0	0	0	0	0	0	0	0	18	17	0	0	0	0	0	0
fsh-generated/resources/Requirements-IMMZ.FXNREQ.101.F.json	1623	5	0	0	0	0	0	0	0	9	0	0	0	0	0	0	0	0	0	0	18	17	0	0	0	1	0	0
fsh-generated/resources/Requirements-IMMZ.FXNREQ.102.F.json	1571	6	0	0	0	0	0	0	0	5	0	0	0	0	0	0	0	0	0	0	18	16	0	0	0	0	0	0
fsh-generated/resources/Requirements-IMMZ.FXNREQ.103.F.json	1615	5	0	0	0	0	0	0	0	6	0	0	0	0	0	0	0	0	0	0	18	17	0	0	0	0	0	0
fsh-generated/resources/Requirements-IMMZ.FXNREQ.104.F.json	1798	5	0	0	0	0	0	0	0	6	0	0	0	0	0	0	0	0	0	0	19	17	0	0	0	1	0	0
fsh-generated/resources/Requirements-IMMZ.FXNREQ.105.F.json	1672	5	0	0	1	0	0	0	0	6	0	0	0	0	0	0	0	0	0	0	18	17	0	0	0	0	0	0
fsh-generated/resources/Requirements-IMMZ.FXNREQ.106.F.json	1526	5	0	0	0	0	0	0	0	6	0	0	0	0	0	0	0	0	0	0	17	17	0	0	0	1	0	0
fsh-generated/resources/Requirements-IMMZ.FXNREQ.107.F.json	1545	5	0	0	0	0	0	0	0	5	0	0	0	0	0	0	0	0	0	0	18	16	0	0	0	0	0	0
fsh-generated/resources/Requirements-IMMZ.FXNREQ.108.F.json	1733	5	0	0	0	0	0	0	1	6	0	0	0	0	0	0	0	0	0	0	17	17	0	0	0	0	0	0
fsh-generated/resources/Requirements-IMMZ.FXNREQ.109.F.json	1657	5	0	0	0	0	0	0	0	6	0	0	0	0	0	0	0	0	0	0	22	17	0	0	0	1	0	0
fsh-generated/resources/Requirements-IMMZ.FXNREQ.110.F.json	1787	6	0	0	0	0	0	0	0	6	0	0	0	0	0	0	0	0	0	0	18	16	0	0	0	0	0	0
fsh-generated/resources/Requirements-IMMZ.FXNREQ.111.F.json	1929	5	0	0	1	0	0	0	0	6	0	0	0	0	0	0	0	0	0	0	24	23	0	0	0	1	0	0
fsh-generated/resources/Requirements-IMMZ.FXNREQ.112.F.json	1645	5	0	0	0	0	0	0	0	5	0	0	0	0	0	0	0	0	0	0	18	17	0	0	0	0	0	0
fsh-generated/resources/Requirements-IMMZ.FXNREQ.113.G.json	1585	5	0	0	0	0	0	0	0	6	0	0	0	0	0	0	0	0	0	0	18	17	0	0	0	0	0	0
fsh-generated/resources/Requirements-IMMZ.FXNREQ.114.G.json	1559	5	0	0	0	0	0	0	0	7	0	0	0	0	0	0	0	0	0	0	18	20	0	0	0	1	0	0
fsh-generated/resources/Requirements-IMMZ.FXNREQ.115.G.json	1669	5	0	0	0	0	0	0	0	5	0	0	0	0	0	0	0	0	0	0	18	17	0	0	0	0	0	0
fsh-generated/resources/Requirements-IMMZ.FXNREQ.116.G.json	1580	6	0	0	0	0	0	0	0	6	0	0	0	0	0	0	0	0	0	0	18	17	0	0	0	0	0	0
fsh-generated/resources/Requirements-IMMZ.FXNREQ.117.G.json	1521	7	0	0	0	0	0	0	0	6	0	0	0	0	0	0	0	0	0	0	19	17	0	0	0	1	0	0
fsh-generated/resources/Requirements-IMMZ.FXNREQ.118.G.json	1577	6	0	0	0	0	0	0	0	5	0	0	0	0	0	0	0	0	0	0	18	18	0	0	0	0	0	0
fsh-generated/resources/Requirements-IMMZ.FXNREQ.119.G.json	1627	5	0	0	1	0	0	0	0	6	0	0	0	0	0	0	0	0	0	0	18	16	0	0	0	1	0	0
fsh-generated/resources/Requirements-IMMZ.FXNREQ.120.G.json	1605	5	0	0	0	0	0	0	0	5	0	0	0	0	0	0	0	0	0	0	18	17	0	0	0	0	0	0
fsh-generated/resources/Requirements-IMMZ.FXNREQ.121.G.json	1440	5	0	0	0	0	0	0	0	6	0	0	0	0	0	0	0	0	0	0	21	16	0	0	0	0	0	0
fsh-generated/resources/Requirements-IMMZ.FXNREQ.122.G.json	1432	5	0	0	0	0	0	0	1	6	0	0	0	0	0	0	0	0	0	0	26	17	0	0	0	1	0	1
fsh-generated/resources/Requirements-IMMZ.FXNREQ.123.G.json	1508	6	0	0	0	0	0	0	0	5	0	0	0	0	0	0	0	0	0	0	18	19	0	0	0	0	0	0
fsh-generated/resources/Requirements-IMMZ.FXNREQ.124.G.json	1402	5	0	0	0	0	0	0	0	6	0	0	0	0	0	0	0	0	0	0	17	20	0	0	0	1	0	0
fsh-generated/resources/Requirements-IMMZ.FXNREQ.125.G.json	1598	5	0	0	0	0	0	0	0	6	0	0	0	0	0	0	0	0	0	0	17	16	0	0	0	0	0	0
fsh-generated/resources/Requirements-IMMZ.FXNREQ.126.G.json	1730	5	0	0	0	0	0	0	0	6	0	0	0	0	0	0	0	0	0	0	19	16	0	0	0	0	0	0
fsh-generated/resources/Requirements-IMMZ.FXNREQ.127.H.json	1641	5	0	0	1	0	0	0	0	6	0	0	0	0	0	0	0	0	0	0	20	17	0	0	0	1	0	0
fsh-generated/resources/Requirements-IMMZ.FXNREQ.128.H.json	1725	7	0	0	0	0	0	0	0	6	0	0	0	0	0	0	0	0	0	0	19	17	0	0	0	0	0	0
fsh-generated/resources/Requirements-IMMZ.FXNREQ.129.H.json	1635	6	0	0	0	0	0	0	0	6	0	0	0	0	0	0	0	0	0	0	18	16	0	0	0	1	0	0
fsh-generated/resources/Requirements-IMMZ.FXNREQ.130.H.json	1649	6	0	0	0	0	0	0	0	5	0	0	0	0	0	0	0	0	0	0	18	16	0	0	0	0	0	0
fsh-generated/resources/Requirements-IMMZ.FXNREQ.131.H.json	1601	5	0	0	0	0	0	0	1	6	0	0	0	0	0	0	0	0	0	0	19	18	0	0	0	0	0	0
fsh-generated/resources/Requirements-IMMZ.FXNREQ.132.H.json	1580	5	0	0	0	0	0	0	0	8	0	0	0	0	0	0	0	0	0	0	21	17	0	0	0	1	0	0
fsh-generated/resources/Requirements-IMMZ.FXNREQ.133.H.json	1588	5	0	0	0	0	0	0	0	5	0	0	0	0	0	0	0	0	0	0	19	16	0	0	0	0	0	0
fsh-generated/resources/Requirements-IMMZ.FXNREQ.134.H.json	1746	5	0	0	0	0	0	0	0	6	0	0	0	0	0	0	0	1	0	0	20	18	0	0	0	0	0	0
fsh-generated/resources/Requirements-IMMZ.FXNREQ.135.H.json	1614	5	0	0	0	0	0	0	0	5	0	0	0	0	0	0	0	0	0	0	18	16	0	0	0	1	0	0
fsh-generated/resources/Requirements-IMMZ.FXNREQ.136.H.json	1604	5	0	0	0	0	0	0	0	6	0	0	0	0	0	0	0	0	0	0	19	17	0	0	0	0	0	0
fsh-generated/resources/Requirements-IMMZ.FXNREQ.137.H.json	1720	5	0	0	1	0	0	0	0	5	0	0	0	0	0	0	0	0	0	0	21	16	0	0	0	0	0	0
fsh-generated/resources/Requirements-IMMZ.FXNREQ.138.H.json	1780	5	0	0	0	0	0	0	0	6	0	0	0	0	0	0	0	0	0	0	19	17	0	0	0	1	0	0
fsh-generated/resources/Requirements-IMMZ.FXNREQ.139.H.json	1505	6	0	0	0	0	0	0	0	5	0	0	0	0	0	0	0	0	0	0	22	16	0	0	0	0	0	0
fsh-generated/resources/Requirements-IMMZ.FXNREQ.140.H.json	1545	5	0	0	0	0	0	0	0	6	0	0	0	0	0	0	0	0	0	0	18	17	0	0	0	1	0	0
fsh-generated/resources/Requirements-IMMZ.FXNREQ.141.H.json	1614	5	0	0	0	0	0	0	0	5	0	0	0	0	0	0	0	0	0	0	18	16	0	0	0	0	0	0
fsh-generated/resources/Requirements-IMMZ.FXNREQ.142.I.json	1709	5	0	0	0	0	0	0	0	6	0	0	0	0	0	0	0	0	0	0	21	16	0	0	0	0	0	0
fsh-generated/resources/Requirements-IMMZ.FXNREQ.143.I.json	1745	5	0	0	0	0	0	0	0	5	0	0	0	0	0	0	0	0	0	0	19	17	0	0	0	1	0	0
fsh-generated/resources/Requirements-IMMZ.FXNREQ.144.I.json	1651	5	0	0	0	0	0	0	0	6	0	0	0	0	0	0	0	0	0	0	21	16	0	0	0	0	0	0
fsh-generated/resources/Requirements-IMMZ.FXNREQ.145.I.json	1613	5	0	0	1	0	0	0	1	5	0	0	0	0	0	0	0	0	0	0	18	17	0	0	0	0	0	0
fsh-generated/resources/Requirements-IMMZ.FXNREQ.146.I.json	1609	5	0	0	0	0	0	0	0	5	0	0	0	0	0	0	0	0	0	0	18	16	0	0	0	1	0	0
fsh-generated/resources/Requirements-IMMZ.FXNREQ.147.I.json	1519	5	0	0	0	0	0	0	0	6	0	0	0	0	0	0	0	0	0	0	21	16	0	0	0	0	0	0
fsh-generated/resources/Requirements-IMMZ.FXNREQ.148.I.json	1415	5	0	0	0	0	0	0	0	5	0	0	0	0	0	0	0	0	0	0	19	17	0	0	0	0	0	0
fsh-generated/resources/Requirements-IMMZ.FXNREQ.149.I.json	1417	5	0	0	0	0	0	0	0	6	0	0	0	0	0	0	0	0	0	0	18	24	0	0	0	1	0	0
fsh-generated/resources/Requirements-IMMZ.FXNREQ.150.I.json	1421	5	0	0	0	0	0	0	0	7	0	0	0	0	0	0	0	0	0	0	19	19	0	0	0	0	0	0
fsh-generated/resources/Requirements-IMMZ.FXNREQ.151.I.json	1467	5	0	0	0	0	0	0	0	6	0	0	0	0	0	0	0	0	0	0	19	19	0	0	0	0	0	0
fsh-generated/resources/Requirements-IMMZ.NFXNREQ.001.json	766	5	0	0	1	0	0	0	0	5	0	0	0	0	0	0	0	0	0	0	18	20	0	0	0	1	0	0
fsh-generated/resources/Requirements-IMMZ.NFXNREQ.002.json	820	5	0	0	0	0	0	0	0	5	0	0	0	0	0	0	0	0	0	0	18	18	0	0	0	0	0	0
fsh-generated/resources/Requirements-IMMZ.NFXNREQ.003.json	1096	5	0	0	0	0	0	0	0	6	0	0	0	0	0	0	0	0	0	0	17	16	0	0	0	0	0	0
fsh-generated/resources/Requirements-IMMZ.NFXNREQ.004.json	838	5	0	0	0	0	0	0	0	5	0	0	0	0	0	0	0	0	0	0	18	16	0	0	0	1	0	0
fsh-generated/resources/Requirements-IMMZ.NFXNREQ.005.json	979	6	0	0	1	0	0	0	0	6	0	0	0	0	0	0	0	0	0	0	22	15	0	0	0	0	0	0
fsh-generated/resources/Requirements-IMMZ.NFXNREQ.006.json	1020	5	0	0	1	0	0	0	0	5	0	0	0	0	0	0	0	0	0	0	18	16	0	0	0	0	0	0
fsh-generated/resources/Requirements-IMMZ.NFXNREQ.007.json	773	5	0	0	0	0	0	0	0	5	0	0	0	0	0	0	0	0	0	0	19	16	0	0	0	1	0	0
fsh-generated/resources/Requirements-IMMZ.NFXNREQ.008.json	887	5	0	0	0	0	0	0	0	6	0	0	0	0	0	0	0	0	0	0	19	17	0	0	0	0	0	0
fsh-generated/resources/Requirements-IMMZ.NFXNREQ.009.json	767	5	0	0	0	0	0	0	0	5	0	0	0	0	0	0	0	0	0	0	18	16	0	0	0	0	0	0
fsh-generated/resources/Requirements-IMMZ.NFXNREQ.010.json	944	5	0	0	0	0	0	0	0	5	0	0	0	0	0	0	0	0	0	0	17	19	0	0	0	1	0	0
fsh-generated/resources/Requirements-IMMZ.NFXNREQ.011.json	779	5	0	0	0	0	0	0	0	6	0	0	0	0	0	0	0	0	0	0	20	16	0	0	0	0	0	0
fsh-generated/resources/Requirements-IMMZ.NFXNREQ.012.json	800	5	0	0	0	0	0	0	0	5	0	0	0	0	0	0	0	0	0	0	19	16	0	0	0	0	0	0
fsh-generated/resources/Requirements-IMMZ.NFXNREQ.013.json	836	5	0	0	0	0	0	0	0	6	0	0	0	0	0	0	0	0	0	0	18	16	0	0	0	0	0	0
fsh-generated/resources/Requirements-IMMZ.NFXNREQ.014.json	833	5	0	0	0	0	0	0	1	5	0	0	0	0	0	0	0	0	0	0	17	16	0	0	0	1	0	0
fsh-generated/resources/Requirements-IMMZ.NFXNREQ.015.json	836	5	0	0	1	0	0	0	0	6	0	0	0	0	0	0	0	0	0	0	17	16	0	0	0	0	0	1
fsh-generated/resources/Requirements-IMMZ.NFXNREQ.016.json	842	5	0	0	0	0	0	0	0	5	0	0	0	0	0	0	0	0	0	0	19	16	0	0	0	0	0	0
fsh-generated/resources/Requirements-IMMZ.NFXNREQ.017.json	1157	5	0	0	0	0	0	0	0	6	0	0	0	0	0	0	0	0	0	0	17	17	0	0	0	1	0	0
fsh-generated/resources/Requirements-IMMZ.NFXNREQ.018.json	725	5	0	0	0	0	0	0	0	6	0	0	0	0	0	0	0	0	0	0	20	16	0	0	0	0	0	0
fsh-generated/resources/Requirements-IMMZ.NFXNREQ.019.json	881	5	0	0	0	0	0	0	0	6	0	0	0	0	0	0	0	0	0	0	17	23	0	0	0	0	0	0
fsh-generated/resources/Requirements-IMMZ.NFXNREQ.020.json	707	5	0	0	0	0	0	0	0	6	0	0	0	0	0	0	0	0	0	0	17	16	0	0	0	0	0	0
fsh-generated/resources/Requirements-IMMZ.NFXNREQ.021.json	923	5	0	0	0	0	0	0	0	5	0	0	0	0	0	0	0	0	0	0	18	16	0	0	0	1	0	0
fsh-generated/resources/Requirements-IMMZ.NFXNREQ.022.json	987	5	0	0	0	0	0	0	0	6	0	0	0	0	0	0	0	0	0	0	19	16	0	0	0	0	0	0
fsh-generated/resources/Requirements-IMMZ.NFXNREQ.023.json	909	5	0	0	0	0	0	0	0	5	0	0	0	0	0	0	0	0	0	0	22	16	0	0	0	0	0	0
fsh-generated/resources/Requirements-IMMZ.NFXNREQ.024.json	816	6	0	0	0	0	0	0	0	5	0	0	0	0	0	0	0	0	0	0	18	17	0	0	0	1	0	0
fsh-generated/resources/Requirements-IMMZ.NFXNREQ.025.json	987	5	0	0	0	0	0	0	0	6	0	0	0	0	0	0	0	0	0	0	23	16	0	0	0	0	0	0
fsh-generated/resources/Requirements-IMMZ.NFXNREQ.026.json	1035	5	0	0	0	0	0	0	0	5	0	0	0	0	0	0	0	0	0	0	18	16	0	0	0	0	0	0
fsh-generated/resources/Requirements-IMMZ.NFXNREQ.027.json	831	5	0	0	1	0	0	0	0	6	0	0	0	0	0	0	0	0	0	0	18	16	0	0	0	1	0	0
fsh-generated/resources/Requirements-IMMZ.NFXNREQ.028.json	780	5	0	0	0	0	0	0	0	5	0	0	0	0	0	0	0	0	0	0	18	16	0	0	0	0	0	0
fsh-generated/resources/Requirements-IMMZ.NFXNREQ.029.json	906	5	0	0	0	0	0	0	0	5	0	0	0	0	0	0	0	0	0	0	22	16	0	0	0	0	0	0
fsh-generated/resources/Requirements-IMMZ.NFXNREQ.030.json	930	5	0	0	0	0	0	0	0	6	0	0	0	0	0	0	0	0	0	0	17	16	0	0	0	0	0	0
fsh-generated/resources/Requirements-IMMZ.NFXNREQ.031.json	954	5	0	0	0	0	0	0	0	5	0	0	0	0	0	0	0	0	0	0	18	17	0	0	0	1	0	0
fsh-generated/resources/Requirements-IMMZ.NFXNREQ.032.json	891	5	0	0	0	0	0	0	0	6	0	0	0	0	0	0	0	0	0	0	18	16	0	0	0	0	0	0
fsh-generated/resources/Requirements-IMMZ.NFXNREQ.033.json	1245	5	0	0	0	0	0	0	0	5	0	0	0	0	0	0	0	0	0	0	18	16	0	0	0	0	0	0
fsh-generated/resources/Requirements-IMMZ.NFXNREQ.034.json	789	5	0	0	0	0	0	0	0	5	0	0	0	0	0	0	0	0	0	0	19	16	0	0	0	1	0	0
fsh-generated/resources/Requirements-IMMZ.NFXNREQ.035.json	768	5	0	0	1	0	0	0	0	6	0	0	0	0	0	0	0	0	0	0	17	16	0	0	0	0	0	0
fsh-generated/resources/Requirements-IMMZ.NFXNREQ.036.json	813	5	0	0	0	0	0	0	1	5	0	0	0	0	0	0	0	0	0	0	19	16	0	0	0	0	0	0
fsh-generated/resources/Requirements-IMMZ.NFXNREQ.037.json	915	6	0	0	0	0	0	0	0	5	0	0	0	0	0	0	0	0	0	0	19	16	0	0	0	1	0	0
fsh-generated/resources/Requirements-IMMZ.NFXNREQ.038.json	900	5	0	0	0	0	0	0	0	6	0	0	0	0	0	0	0	0	0	0	18	16	0	0	0	0	0	0
fsh-generated/resources/Requirements-IMMZ.NFXNREQ.039.json	813	4	0	0	0	0	0	0	0	5	0	0	0	0	0	0	0	0	0	0	17	18	0	0	0	0	0	0
fsh-generated/resources/Requirements-IMMZ.NFXNREQ.040.json	795	5	0	0	0	0	0	0	0	8	0	0	0	0	0	0	0	0	0	0	18	17	0	0	0	0	0	0
fsh-generated/resources/Requirements-IMMZ.NFXNREQ.041.json	820	6	0	0	0	0	0	0	0	6	0	0	0	0	0	0	0	0	0	0	18	17	0	0	0	1	0	0
fsh-generated/resources/Requirements-IMMZ.NFXNREQ.042.json	895	4	0	0	0	0	0	0	0	6	0	0	0	0	0	0	0	0	0	0	18	16	0	0	0	0	0	0
fsh-generated/resources/Requirements-IMMZ.NFXNREQ.043.json	757	5	0	0	0	0	0	0	0	6	0	0	0	0	0	0	0	0	0	0	18	17	0	0	0	0	0	0
fsh-generated/resources/Requirements-IMMZ.NFXNREQ.044.json	790	5	0	0	0	0	0	0	0	5	0	0	0	0	0	0	0	0	0	0	17	17	0	0	0	1	0	0
fsh-generated/resources/Requirements-IMMZ.NFXNREQ.045.json	934	5	0	0	0	0	0	0	0	6	0	0	0	0	0	0	0	0	0	0	17	16	0	0	0	0	0	0
fsh-generated/resources/Requirements-IMMZ.NFXNREQ.046.json	1048	5	0	0	1	0	0	0	0	5	0	0	0	0	0	0	0	0	0	0	18	17	0	0	0	0	0	0
fsh-generated/resources/Requirements-IMMZ.NFXNREQ.047.json	925	5	0	0	0	0	0	0	0	6	0	0	0	0	0	0	0	0	0	0	17	16	0	0	0	0	0	0
fsh-generated/resources/Requirements-IMMZ.NFXNREQ.048.json	784	5	0	0	0	0	0	0	0	6	0	0	0	0	0	0	0	0	0	0	17	16	0	0	0	1	0	0
fsh-generated/resources/Requirements-IMMZ.NFXNREQ.049.json	838	5	0	0	0	0	0	0	0	5	0	0	0	0	0	0	0	0	0	0	17	21	0	0	0	0	0	0
fsh-generated/resources/Requirements-IMMZ.NFXNREQ.050.json	883	5	0	0	0	0	0	0	0	8	0	0	0	0	0	0	0	0	0	0	17	16	0	0	0	0	0	0
fsh-generated/resources/Requirements-IMMZ.NFXNREQ.051.json	1123	5	0	0	0	0	0	0	0	6	0	0	0	0	0	0	0	0	0	0	18	17	0	0	0	1	0	0
fsh-generated/resources/Requirements-IMMZ.NFXNREQ.052.json	955	5	0	0	0	0	0	0	0	11	0	0	0	0	0	0	0	0	0	0	17	17	0	0	0	0	0	0
fsh-generated/resources/Requirements-IMMZ.NFXNREQ.053.json	886	6	0	0	0	0	0	0	0	6	0	0	0	0	0	0	0	0	0	0	17	16	0	0	0	0	0	0
fsh-generated/resources/Requirements-IMMZ.NFXNREQ.054.json	997	5	0	0	0	0	0	0	0	6	0	0	0	0	0	0	0	0	0	0	20	17	0	0	0	1	0	0
fsh-generated/resources/Requirements-IMMZ.NFXNREQ.055.json	910	5	0	0	1	0	0	0	0	6	0	0	0	0	0	0	0	0	0	0	18	16	0	0	0	0	0	0
fsh-generated/resources/Requirements-IMMZ.NFXNREQ.056.json	1084	5	0	0	0	0	0	0	0	6	0	0	0	0	0	0	0	0	0	0	18	16	0	0	0	0	0	0
fsh-generated/resources/Requirements-IMMZ.NFXNREQ.057.json	865	5	0	0	0	0	0	0	0	7	0	0	0	0	0	0	0	0	0	0	17	16	0	0	0	0	0	0
fsh-generated/resources/Requirements-IMMZ.NFXNREQ.058.json	877	5	0	0	0	0	0	0	1	5	0	0	0	0	0	0	0	0	0	0	17	16	0	0	0	1	0	0
fsh-generated/resources/Requirements-IMMZ.NFXNREQ.059.json	784	5	0	0	0	0	0	0	0	6	0	0	0	0	0	0	0	0	0	0	17	16	0	0	0	0	0	0
fsh-generated/resources/Requirements-IMMZ.NFXNREQ.060.json	802	5	0	0	0	0	0	0	0	6	0	0	0	0	0	0	0	0	0	0	18	16	0	0	0	0	0	0
fsh-generated/resources/Requirements-IMMZ.NFXNREQ.061.json	826	5	0	0	0	0	0	0	0	5	0	0	0	0	0	0	0	0	0	0	17	16	0	0	0	1	0	0
fsh-generated/resources/Requirements-IMMZ.NFXNREQ.062.json	892	5	0	0	0	0	0	0	0	5	0	0	0	0	0	0	0	0	0	0	21	16	0	0	0	0	0	0
fsh-generated/resources/Requirements-IMMZ.NFXNREQ.063.json	865	5	0	0	0	0	0	0	0	6	0	0	0	0	0	0	0	0	0	0	17	16	0	0	0	0	0	0
fsh-generated/resources/Requirements-IMMZ.NFXNREQ.064.json	1006	5	0	0	1	0	0	0	0	5	0	0	0	0	0	0	0	0	0	0	17	16	0	0	0	0	0	0
fsh-generated/resources/Requirements-IMMZ.NFXNREQ.065.json	877	5	0	0	0	0	0	0	0	5	0	0	0	0	0	0	0	0	0	0	19	16	0	0	0	1	0	0
fsh-generated/resources/Requirements-IMMZ.NFXNREQ.066.json	931	5	0	0	0	0	0	0	0	6	0	0	0	0	0	0	0	0	0	0	20	16	0	0	0	0	0	1
fsh-generated/resources/Requirements-IMMZ.NFXNREQ.067.json	868	5	0	0	0	0	0	0	0	5	0	0	0	0	0	0	0	0	0	0	19	16	0	0	0	0	0	0
fsh-generated/resources/Requirements-IMMZ.NFXNREQ.068.json	823	5	0	0	0	0	0	0	0	5	0	0	0	0	0	0	0	0	0	0	18	16	0	0	0	1	0	0
fsh-generated/resources/Requirements-IMMZ.NFXNREQ.069.json	802	5	0	0	0	0	0	0	0	6	0	0	0	0	0	0	0	0	0	0	17	16	0	0	0	0	0	0
fsh-generated/resources/Requirements-IMMZ.NFXNREQ.070.json	880	5	0	0	0	0	0	0	0	5	0	0	0	0	0	0	0	0	0	0	17	15	0	0	0	0	0	0
fsh-generated/resources/Requirements-IMMZ.NFXNREQ.071.json	829	5	0	0	0	0	0	0	0	6	0	0	0	0	0	0	0	0	0	0	17	17	0	0	0	1	0	0
fsh-generated/resources/Requirements-IMMZ.NFXNREQ.072.json	1213	5	0	0	0	0	0	0	0	5	0	0	0	0	0	0	0	0	0	0	19	16	0	0	0	0	0	0
fsh-generated/resources/Requirements-IMMZ.NFXNREQ.073.json	880	5	0	0	1	0	0	0	0	5	0	0	0	0	0	0	0	0	0	0	22	16	0	0	0	0	0	0
fsh-generated/resources/Requirements-IMMZ.NFXNREQ.074.json	847	5	0	0	0	0	0	0	0	6	0	0	0	0	0	0	0	0	0	0	17	15	0	0	0	1	0	0
fsh-generated/resources/Requirements-IMMZ.NFXNREQ.075.json	838	5	0	0	0	0	0	0	0	5	0	0	0	0	0	0	0	0	0	0	18	16	0	0	0	0	0	0
fsh-generated/resources/Requirements-IMMZ.NFXNREQ.076.json	805	5	0	0	0	0	0	0	0	6	0	0	0	0	0	0	0	0	0	0	17	16	0	0	0	0	0	0
fsh-generated/resources/Requirements-IMMZ.NFXNREQ.077.json	880	5	0	0	0	0	0	0	0	5	0	0	0	0	0	0	0	0	0	0	17	16	0	0	0	1	0	0
fsh-generated/resources/Requirements-IMMZ.NFXNREQ.078.json	892	5	0	0	0	0	0	0	0	5	0	0	0	0	0	0	0	0	0	0	18	16	0	0	0	0	0	0
fsh-generated/resources/Requirements-IMMZ.NFXNREQ.079.json	787	5	0	0	0	0	0	0	0	6	0	0	0	0	0	0	0	0	0	0	21	16	0	0	0	0	0	0
fsh-generated/resources/Requirements-IMMZ.NFXNREQ.080.json	823	5	0	0	1	0	0	0	0	5	0	0	0	0	0	0	0	0	0	0	18	16	0	0	0	1	0	0
fsh-generated/resources/Requirements-IMMZ.NFXNREQ.081.json	901	5	0	0	0	0	0	0	1	6	0	0	0	0	0	0	0	0	0	0	19	17	0	0	0	0	0	0
fsh-generated/resources/Requirements-IMMZ.NFXNREQ.082.json	796	5	0	0	0	0	0	0	0	5	0	0	0	0	0	0	0	0	0	0	17	16	0	0	0	0	0	0
fsh-generated/resources/Requirements-IMMZ.NFXNREQ.083.json	886	4	0	0	0	0	0	0	0	5	0	0	0	0	0	0	0	0	0	0	16	16	0	0	0	1	0	0
fsh-generated/resources/Requirements-IMMZ.NFXNREQ.084.json	769	5	0	0	0	0	0	0	0	6	0	0	0	0	0	0	0	0	0	0	18	16	0	0	0	0	0	0
fsh-generated/resources/Requirements-IMMZ.NFXNREQ.085.json	889	5	0	0	0	0	0	0	0	5	0	0	0	0	0	0	0	0	0	0	17	17	0	0	0	0	0	0
fsh-generated/resources/Requirements-IMMZ.NFXNREQ.086.json	940	5	0	0	0	0	0	0	0	6	0	0	0	0	0	0	0	0	0	0	19	17	0	0	0	1	0	0
fsh-generated/resources/Requirements-IMMZ.NFXNREQ.087.json	844	6	0	0	0	0	0	0	0	11	0	0	0	0	0	0	0	0	0	0	17	16	0	0	0	0	0	0
fsh-generated/resources/Requirements-IMMZ.NFXNREQ.088.json	796	5	0	0	0	0	0	0	0	10	0	0	0	0	0	0	0	0	0	0	18	16	0	0	0	0	0	0
fsh-generated/resources/Requirements-IMMZ.NFXNREQ.089.json	805	5	0	0	0	0	0	0	0	9	0	0	0	0	0	0	0	0	0	0	18	16	0	0	0	1	0	0
fsh-generated/resources/Requirements-IMMZ.NFXNREQ.090.json	829	5	0	0	0	0	0	0	0	6	0	0	0	0	0	0	0	0	0	0	18	17	0	0	0	0	0	0
fsh-generated/resources/Requirements-IMMZ.NFXNREQ.091.json	832	5	0	0	1	0	0	0	0	6	0	0	0	0	0	0	0	0	0	0	17	16	0	0	0	0	0	0
fsh-generated/resources/Requirements-IMMZ.NFXNREQ.092.json	939	5	0	0	0	0	0	0	0	6	0	0	0	0	0	0	0	0	0	0	17	16	0	0	0	1	0	0
fsh-generated/resources/Requirements-IMMZ.NFXNREQ.093.json	894	5	0	0	0	0	0	0	0	7	0	0	0	0	0	0	0	0	0	0	17	16	0	0	0	0	0	0
fsh-generated/resources/Requirements-IMMZ.NFXNREQ.094.json	774	5	0	0	0	0	0	0	0	6	0	0	0	0	0	0	0	0	0	0	17	17	0	0	0	0	0	0
fsh-generated/resources/Requirements-IMMZ.NFXNREQ.095.json	867	5	0	0	0	0	0	0	0	5	0	0	0	0	0	0	0	0	0	0	17	16	0	0	0	1	0	0
fsh-generated/resources/Requirements-IMMZ.NFXNREQ.096.json	777	5	0	0	0	0	0	0	0	6	0	0	0	0	0	0	0	0	0	0	17	16	0	0	0	0	0	0
fsh-generated/resources/Requirements-IMMZ.NFXNREQ.097.json	741	5	0	0	0	0	0	0	0	5	0	0	0	0	0	0	0	0	0	0	18	16	0	0	0	0	0	0
fsh-generated/resources/Requirements-IMMZ.NFXNREQ.098.json	765	5	0	0	0	0	0	0	0	5	0	0	0	0	0	0	0	0	0	0	18	17	0	0	0	0	0	0
fsh-generated/resources/Requirements-IMMZ.NFXNREQ.099.json	819	5	0	0	0	0	0	0	0	6	0	0	0	0	0	0	0	0	0	0	18	17	0	0	0	1	0	0
fsh-generated/resources/Requirements-IMMZ.NFXNREQ.100.json	885	5	0	0	1	0	0	0	0	5	0	0	0	0	0	0	0	0	0	0	19	16	0	0	0	0	0	0
fsh-generated/resources/Requirements-IMMZ.NFXNREQ.101.json	918	4	0	0	0	0	0	0	0	6	0	0	0	0	0	0	0	0	0	0	18	16	0	0	0	0	0	0
fsh-generated/resources/Requirements-IMMZ.NFXNREQ.102.json	885	5	0	0	0	0	0	0	0	6	0	0	0	0	0	0	0	0	0	0	18	16	0	0	0	1	0	0
fsh-generated/resources/Requirements-IMMZ.NFXNREQ.103.json	855	5	0	0	0	0	0	0	1	9	0	0	0	0	0	0	0	0	0	0	18	16	0	0	0	0	0	0
fsh-generated/resources/Requirements-IMMZ.NFXNREQ.104.json	852	6	0	0	0	0	0	0	0	6	0	0	0	0	0	0	0	0	0	0	18	17	0	0	0	0	0	0
fsh-generated/resources/Requirements-IMMZ.NFXNREQ.105.json	789	8	0	0	0	0	0	0	0	6	0	0	0	0	0	0	0	0	0	0	18	17	0	0	0	1	0	0
fsh-generated/resources/Requirements-IMMZ.NFXNREQ.106.json	846	6	0	0	0	0	0	0	0	5	0	0	0	0	0	0	0	0	0	0	18	16	0	0	0	0	0	0
fsh-generated/resources/Requirements-IMMZ.NFXNREQ.107.json	1057	5	0	0	0	0	0	0	0	6	0	0	0	0	0	0	0	0	0	0	18	16	0	0	0	0	0	0
fsh-generated/resources/Requirements-IMMZ.NFXNREQ.108.json	871	5	0	0	0	0	0	0	0	5	0	0	0	0	0	0	0	0	0	0	17	16	0	0	0	1	0	0
fsh-generated/resources/Requirements-IMMZ.NFXNREQ.109.json	815	5	0	0	0	0	0	0	0	6	0	0	0	0	0	0	0	0	0	0	16	16	0	0	0	0	0	0
fsh-generated/resources/Requirements-IMMZ.NFXNREQ.110.json	785	5	0	0	1	0	0	0	0	5	0	0	0	0	0	0	0	0	0	0	17	16	0	0	0	0	0	0
fsh-generated/resources/Requirements-IMMZ.NFXNREQ.111.json	791	6	0	0	0	0	0	0	0	5	0	0	0	0	0	0	0	0	0	0	17	15	0	0	0	0	0	0
fsh-generated/resources/Requirements-IMMZ.NFXNREQ.112.json	761	6	0	0	0	0	0	0	0	6	0	0	0	0	0	0	0	0	0	0	18	17	0	0	0	1	0	0
fsh-generated/resources/Requirements-IMMZ.NFXNREQ.113.json	836	5	0	0	0	0	0	0	0	6	0	0	0	0	0	0	0	0	0	0	18	16	0	0	0	0	0	0
fsh-generated/resources/Requirements-IMMZ.NFXNREQ.114.json	812	5	0	0	0	0	0	0	0	5	0	0	0	0	0	0	0	0	0	0	17	16	0	0	0	0	0	0
fsh-generated/resources/Requirements-IMMZ.NFXNREQ.115.json	736	7	0	0	0	0	0	0	0	6	0	0	0	0	0	0	0	0	0	0	18	16	0	0	0	1	0	0
fsh-generated/resources/Requirements-IMMZ.NFXNREQ.116.json	835	5	0	0	0	0	0	0	1	5	0	0	0	0	0	0	0	0	0	0	16	16	0	0	0	0	0	0
fsh-generated/resources/Requirements-IMMZ.NFXNREQ.117.json	817	5	0	0	0	0	0	0	0	5	0	0	0	0	0	0	0	0	0	0	17	15	0	0	0	0	0	0
fsh-generated/resources/Requirements-IMMZFXNREQ001.json	2053	5	0	0	1	0	0	0	0	6	0	0	0	0	0	0	0	0	0	0	20	16	0	0	0	1	0	1
fsh-generated/resources/Requirements-IMMZFXNREQ002.json	1432	5	0	0	0	0	0	0	0	11	0	0	0	0	0	0	0	0	0	0	19	16	0	0	0	0	0	0
fsh-generated/resources/Requirements-IMMZFXNREQ003.json	1322	5	0	0	0	0	0	0	0	9	0	0	0	0	0	0	0	0	0	0	17	16	0	0	0	0	0	0
fsh-generated/resources/Requirements-IMMZFXNREQ004.json	1476	5	0	0	0	0	0	0	0	8	0	0	0	0	0	0	0	0	0	0	18	17	0	0	0	0	0	0
fsh-generated/resources/Requirements-IMMZFXNREQ005.json	1474	5	0	0	0	0	0	0	0	5	0	0	0	0	0	0	0	1	0	0	18	16	0	0	0	1	0	0
fsh-generated/resources/Requirements-IMMZFXNREQ006.json	1326	5	0	0	0	0	0	0	0	6	0	0	0	0	0	0	0	0	0	0	18	16	0	0	0	0	0	0
fsh-generated/resources/Requirements-IMMZFXNREQ007.json	1488	5	0	0	1	0	0	0	0	5	0	0	0	0	0	0	0	0	0	0	19	16	0	0	0	1	0	0
fsh-generated/resources/Requirements-IMMZFXNREQ008.json	1178	5	0	0	0	0	0	0	0	5	0	0	0	0	0	0	0	0	0	0	17	16	0	0	0	0	0	0
fsh-generated/resources/Requirements-IMMZFXNREQ009.json	1358	5	0	0	0	0	0	0	0	6	0	0	0	0	0	0	0	0	0	0	19	16	0	0	0	0	0	0
fsh-generated/resources/Requirements-IMMZFXNREQ010.json	1564	5	0	0	0	0	0	0	0	5	0	0	0	0	0	0	0	0	0	0	18	16	0	0	0	0	0	0
fsh-generated/resources/Requirements-IMMZFXNREQ011.json	1212	5	0	0	0	0	0	0	0	5	0	0	0	0	0	0	0	0	0	0	17	16	0	0	0	1	0	0
fsh-generated/resources/Requirements-IMMZFXNREQ012.json	1108	5	0	0	0	0	0	0	0	6	0	0	0	0	0	0	0	0	0	0	20	16	0	0	0	0	0	0
fsh-generated/resources/Requirements-IMMZFXNREQ013.json	1130	5	0	0	0	0	0	0	0	5	0	0	0	0	0	0	0	0	0	0	18	17	0	0	0	0	0	0
fsh-generated/resources/Requirements-IMMZFXNREQ014.json	1236	5	0	0	1	0	0	0	0	5	0	0	0	0	0	0	0	0	0	0	18	15	0	0	0	1	0	0
fsh-generated/resources/Requirements-IMMZFXNREQ015.json	1352	5	0	0	0	0	0	0	0	6	0	0	0	0	0	0	0	0	0	0	17	17	0	0	0	0	0	0
fsh-generated/resources/Requirements-IMMZFXNREQ016.json	1290	5	0	0	0	0	0	0	0	5	0	0	0	0	0	0	0	0	0	0	18	16	0	0	0	0	0	0
fsh-generated/resources/Requirements-IMMZFXNREQ017.json	1186	5	0	0	0	0	0	0	0	6	0	0	0	0	0	0	0	0	0	0	18	16	0	0	0	1	0	0
fsh-generated/resources/Requirements-IMMZFXNREQ018.json	1494	5	0	0	0	0	0	0	1	5	0	0	0	0	0	0	0	0	0	0	22	16	0	0	0	0	0	0
fsh-generated/resources/Requirements-IMMZFXNREQ019.json	1104	5	0	0	0	0	0	0	0	5	0	0	0	0	0	0	0	0	0	0	18	16	0	0	0	0	0	0
fsh-generated/resources/Requirements-IMMZFXNREQ020.json	1436	5	0	0	0	0	0	0	0	6	0	0	0	0	0	0	0	0	0	0	26	16	0	0	0	1	0	0
fsh-generated/resources/Requirements-IMMZFXNREQ021.json	1428	5	0	0	1	0	0	0	0	5	0	0	0	0	0	0	0	0	0	0	17	16	0	0	0	0	0	0
fsh-generated/resources/Requirements-IMMZFXNREQ022.json	1400	5	0	0	0	0	0	0	0	5	0	0	0	0	0	0	0	0	0	0	17	16	0	0	0	0	0	0
fsh-generated/resources/Requirements-IMMZFXNREQ023.json	1380	5	0	0	0	0	0	0	0	6	0	0	0	0	0	0	0	0	0	0	18	16	0	0	0	0	0	0
fsh-generated/resources/Requirements-IMMZFXNREQ030.json	1216	5	0	0	0	0	0	0	0	5	0	0	0	0	0	0	0	0	0	0	17	16	0	0	0	1	0	0
fsh-generated/resources/Requirements-IMMZFXNREQ031.json	1146	5	0	0	0	0	0	0	0	10	0	0	0	0	0	0	0	0	0	0	18	15	0	0	0	0	0	0
fsh-generated/resources/Requirements-IMMZFXNREQ032.json	1348	5	0	0	0	0	0	0	0	6	0	0	0	0	0	0	0	0	0	0	18	17	0	0	0	0	0	0
fsh-generated/resources/Requirements-IMMZFXNREQ033.json	1662	5	0	0	1	0	0	0	0	5	0	0	0	0	0	0	0	0	0	0	17	16	0	0	0	1	0	0
fsh-generated/resources/Requirements-IMMZFXNREQ034.json	1502	5	0	0	0	0	0	0	0	5	0	0	0	0	0	0	0	0	0	0	18	16	0	0	0	0	0	0
fsh-generated/resources/Requirements-IMMZFXNREQ035.json	1262	5	0	0	0	0	0	0	0	6	0	0	0	0	0	0	0	0	0	0	18	16	0	0	0	0	0	0
fsh-generated/resources/Requirements-IMMZFXNREQ036.json	1220	6	0	0	0	0	0	0	0	5	0	0	0	0	0	0	0	0	0	0	20	16	0	0	0	3	0	0
fsh-generated/resources/Requirements-IMMZFXNREQ037.json	1164	5	0	0	0	0	0	0	0	5	0	0	0	0	0	0	0	0	0	0	17	16	0	0	0	0	0	0
fsh-generated/resources/Requirements-IMMZFXNREQ038.json	1204	5	0	0	0	0	0	0	0	6	0	0	0	0	0	1	0	0	0	0	18	16	0	0	0	1	0	0
fsh-generated/resources/Requirements-IMMZFXNREQ039.json	1422	5	0	0	0	0	0	0	0	10	0	0	0	0	0	0	0	0	0	0	18	15	0	0	0	0	0	0
fsh-generated/resources/Requirements-IMMZFXNREQ040.json	1252	5	0	0	1	0	0	0	0	5	0	0	0	0	0	0	0	0	0	0	17	16	0	0	0	0	0	0
fsh-generated/resources/Requirements-IMMZFXNREQ041.json	1174	5	0	0	0	0	0	0	0	5	0	0	0	0	0	0	0	0	0	0	18	16	0	0	0	1	0	0
fsh-generated/resources/Requirements-IMMZFXNREQ042.json	1366	5	0	0	0	0	0	0	1	6	0	0	0	0	0	0	0	0	0	0	17	16	0	0	0	0	0	0
fsh-generated/resources/Requirements-IMMZFXNREQ043.json	1248	5	0	0	0	0	0	0	0	5	0	0	0	0	0	0	0	0	0	0	18	16	0	0	0	0	0	0
fsh-generated/resources/Requirements-IMMZFXNREQ044.json	1342	5	0	0	0	0	0	0	0	8	0	0	0	0	0	0	0	0	0	0	18	16	0	0	0	1	0	0
fsh-generated/resources/Requirements-IMMZFXNREQ045.json	1408	5	0	0	0	0	0	0	0	5	0	0	0	0	0	0	0	0	0	0	17	15	0	0	0	0	0	0
fsh-generated/resources/Requirements-IMMZFXNREQ046.json	1164	5	0	0	1	0	0	0	0	6	0	0	0	0	0	0	0	0	0	0	22	16	0	0	0	0	0	0
fsh-generated/resources/Requirements-IMMZFXNREQ047.json	1324	5	0	0	0	0	0	0	0	5	0	0	0	0	0	0	0	0	0	0	18	16	0	0	0	1	0	0
fsh-generated/resources/Requirements-IMMZFXNREQ048.json	1234	5	0	0	0	0	0	0	0	5	0	0	0	0	0	0	0	0	0	0	17	16	0	0	0	0	0	0
fsh-generated/resources/Requirements-IMMZFXNREQ049.json	1242	5	0	0	0	0	0	0	0	6	0	0	0	0	0	0	0	0	0	0	17	16	0	0	0	0	0	0
fsh-generated/resources/Requirements-IMMZFXNREQ050.json	1154	5	0	0	0	0	0	0	0	5	0	0	0	0	0	0	0	0	0	0	18	16	0	0	0	1	0	0
fsh-generated/resources/Requirements-IMMZFXNREQ051.json	1182	5	0	0	0	0	0	0	0	5	0	0	0	0	0	0	0	0	0	0	21	16	0	0	0	0	0	0
fsh-generated/resources/Requirements-IMMZFXNREQ052.json	1608	5	0	0	1	0	0	0	0	6	0	0	0	0	0	0	0	0	0	0	17	15	0	0	0	0	0	0
fsh-generated/resources/Requirements-IMMZFXNREQ053.json	1200	5	0	0	0	0	0	0	0	5	0	0	0	0	0	0	0	0	0	0	18	16	0	0	0	1	0	1
fsh-generated/resources/Requirements-IMMZFXNREQ054.json	1094	5	0	0	0	0	0	0	0	6	0	0	0	0	0	0	0	0	0	0	18	16	0	0	0	0	0	0
fsh-generated/resources/Requirements-IMMZFXNREQ055.json	1236	5	0	0	0	0	0	0	0	5	0	0	0	0	0	0	0	0	0	0	17	16	0	0	0	0	0	0
fsh-generated/resources/Requirements-IMMZFXNREQ056.json	1396	5	0	0	0	0	0	0	0	5	0	0	0	0	0	0	0	0	0	0	17	16	0	0	0	1	0	0
fsh-generated/resources/Requirements-IMMZFXNREQ057.json	1190	5	0	0	0	0	0	0	0	6	0	0	0	0	0	0	0	0	0	0	20	16	0	0	0	0	0	0
fsh-generated/resources/Requirements-IMMZFXNREQ058.json	1138	7	0	0	1	0	0	0	0	6	0	0	0	0	0	0	0	0	0	0	17	16	0	0	0	0	0	0
fsh-generated/resources/Requirements-IMMZFXNREQ059.json	1164	5	0	0	0	0	0	0	0	5	0	0	0	0	0	0	0	0	0	0	17	16	0	0	0	1	0	0
fsh-generated/resources/Requirements-IMMZFXNREQ060.json	1320	5	0	0	0	0	0	0	0	5	0	0	0	0	0	0	0	0	0	0	18	16	0	0	0	0	0	0
fsh-generated/resources/Requirements-IMMZFXNREQ061.json	1280	5	0	0	0	0	0	0	0	6	0	0	0	0	0	0	0	0	0	0	20	16	0	0	0	1	0	0
fsh-generated/resources/Requirements-IMMZFXNREQ062.json	1244	5	0	0	0	0	0	0	1	5	0	0	0	0	0	0	0	0	0	0	20	16	0	0	0	0	0	0
fsh-generated/resources/Requirements-IMMZFXNREQ063.json	1240	5	0	0	0	0	0	0	0	6	0	0	0	0	0	0	0	0	0	0	17	16	0	0	0	0	0	0
fsh-generated/resources/Requirements-IMMZFXNREQ064.json	1754	5	0	0	0	0	0	0	0	5	0	0	0	0	0	0	0	0	0	0	18	17	0	0	0	1	0	0
fsh-generated/resources/Requirements-IMMZFXNREQ065.json	1174	5	0	0	1	0	0	0	0	5	0	0	0	0	0	0	0	0	0	0	17	16	0	0	0	0	0	0
fsh-generated/resources/Requirements-IMMZFXNREQ066.json	1442	5	0	0	0	0	0	0	0	6	0	0	0	0	0	0	0	0	0	0	17	16	0	0	0	0	0	0
fsh-generated/resources/Requirements-IMMZFXNREQ067.json	1294	5	0	0	0	0	0	0	0	5	0	0	0	0	0	0	0	0	0	0	18	16	0	0	0	1	0	0
fsh-generated/resources/Requirements-IMMZFXNREQ068.json	1176	5	0	0	0	0	0	0	0	5	0	0	0	0	0	0	0	0	0	0	21	15	0	0	0	0	0	0
fsh-generated/resources/Requirements-IMMZFXNREQ069.json	1162	5	0	0	0	0	0	0	0	6	0	0	0	0	0	0	0	0	0	0	17	16	0	0	0	0	0	0
fsh-generated/resources/Requirements-IMMZFXNREQ070.json	1286	5	0	0	0	0	0	0	0	5	0	0	0	0	0	0	0	0	0	0	19	16	0	0	0	1	0	0
fsh-generated/resources/Requirements-IMMZFXNREQ071.json	1144	5	0	0	1	0	0	0	0	5	0	0	0	0	0	0	0	0	0	0	17	16	0	0	0	0	0	0
fsh-generated/resources/Requirements-IMMZFXNREQ072.json	1058	6	0	0	0	0	0	0	0	5	0	0	0	0	0	0	0	0	0	0	17	16	0	0	0	0	0	0
fsh-generated/resources/Requirements-IMMZFXNREQ073.json	1576	5	0	0	0	0	0	0	0	6	0	0	0	0	0	0	0	0	0	0	20	16	0	0	0	1	0	0
fsh-generated/resources/Requirements-IMMZFXNREQ074.json	1578	5	0	0	0	0	0	0	0	5	0	0	0	0	0	0	0	0	0	0	20	16	0	0	0	0	0	0
fsh-generated/resources/Requirements-IMMZFXNREQ075.json	1318	5	0	0	0	0	0	0	0	6	0	0	0	0	0	0	0	0	0	0	18	16	0	0	0	0	0	0
fsh-generated/resources/Requirements-IMMZFXNREQ076.json	1118	5	0	0	0	0	0	0	0	5	0	0	0	0	0	0	0	0	0	0	18	15	0	0	0	1	0	0
fsh-generated/resources/Requirements-IMMZFXNREQ077.json	1152	5	1	0	1	0	0	0	0	6	0	0	0	0	0	0	0	0	0	0	17	16	0	0	0	0	0	0
fsh-generated/resources/Requirements-IMMZFXNREQ078.json	1262	5	0	0	0	0	0	0	0	5	0	0	0	0	0	0	0	0	0	0	17	16	0	0	0	0	0	0
fsh-generated/resources/Requirements-IMMZFXNREQ080.json	1168	5	0	0	0	0	0	0	0	5	0	0	0	0	0	0	0	0	0	0	20	16	0	0	0	1	0	0
fsh-generated/resources/Requirements-IMMZFXNREQ081.json	1272	5	0	0	0	0	0	0	0	6	0	0	0	0	0	0	0	0	0	0	18	16	0	0	0	0	0	0
fsh-generated/resources/Requirements-IMMZFXNREQ082.json	1314	5	0	0	0	0	0	0	1	5	0	0	0	0	0	0	0	0	0	0	19	16	0	0	0	0	0	0
fsh-generated/resources/Requirements-IMMZFXNREQ083.json	1274	5	0	0	0	0	0	0	0	5	0	0	0	0	0	0	0	0	0	0	18	15	0	0	0	1	0	0
fsh-generated/resources/Requirements-IMMZFXNREQ084.json	1598	5	0	0	0	0	0	0	0	6	0	0	0	0	0	0	0	0	0	0	18	16	0	0	0	0	0	0
fsh-generated/resources/Requirements-IMMZFXNREQ085.json	1340	5	0	0	1	0	0	0	0	5	0	0	0	0	0	0	0	0	0	0	19	16	0	0	0	0	0	1
fsh-generated/resources/Requirements-IMMZFXNREQ086.json	1478	6	0	0	0	0	0	0	0	5	0	0	0	0	0	0	0	0	0	0	18	16	0	0	0	1	0	0
fsh-generated/resources/Requirements-IMMZFXNREQ087.json	1628	10	0	0	0	0	0	0	0	6	0	0	0	0	0	0	0	0	0	0	19	16	0	0	0	0	0	0
fsh-generated/resources/Requirements-IMMZFXNREQ088.json	1126	6	0	0	0	0	0	0	0	5	0	0	0	0	0	0	0	0	0	0	18	16	0	0	0	0	0	0
fsh-generated/resources/Requirements-IMMZFXNREQ089.json	1322	6	0	0	0	0	0	0	0	5	0	0	0	0	0	0	0	0	0	0	18	16	0	0	0	1	0	0
fsh-generated/resources/Requirements-IMMZFXNREQ090.json	1484	5	0	0	0	0	0	0	0	6	0	0	0	0	0	0	0	0	0	0	19	16	0	0	0	0	0	0
fsh-generated/resources/Requirements-IMMZFXNREQ091.json	1196	5	0	0	1	0	0	0	0	5	0	0	0	0	0	0	0	0	0	0	18	16	0	0	0	1	0	0
fsh-generated/resources/Requirements-IMMZFXNREQ092.json	1182	5	0	0	0	0	0	0	0	5	0	0	0	0	0	0	0	0	0	0	18	16	0	0	0	0	0	0
fsh-generated/resources/Requirements-IMMZFXNREQ093.json	1136	5	0	0	0	0	0	0	0	6	0	0	0	0	0	0	0	0	0	0	19	16	0	0	0	0	0	0
fsh-generated/resources/Requirements-IMMZFXNREQ094.json	1266	5	0	0	0	0	0	0	0	5	0	0	0	0	0	0	0	0	0	0	18	16	0	0	0	1	0	0
fsh-generated/resources/Requirements-IMMZFXNREQ095.json	1626	5	0	0	0	0	0	0	0	5	0	0	0	0	0	0	0	0	0	0	19	15	0	0	0	0	0	0
fsh-generated/resources/Requirements-IMMZFXNREQ096.json	1552	5	0	0	0	0	0	0	0	6	0	0	0	0	0	0	0	0	0	0	20	16	0	0	0	0	0	0
fsh-generated/resources/Requirements-IMMZFXNREQ097.json	1378	5	0	0	0	0	0	0	0	5	0	0	0	0	0	0	0	0	0	0	18	16	0	0	0	1	0	0
fsh-generated/resources/Requirements-IMMZFXNREQ098.json	1390	5	0	0	0	0	0	0	0	6	0	0	0	0	0	0	0	0	0	0	18	16	0	0	0	0	0	0
fsh-generated/resources/Requirements-IMMZFXNREQ099.json	1438	5	0	0	0	0	0	0	0	5	0	0	0	0	0	0	0	0	0	0	25	16	0	0	0	0	0	0
fsh-generated/resources/Requirements-IMMZFXNREQ100.json	1082	5	0	0	1	0	0	0	0	6	0	0	0	0	0	0	0	0	0	0	18	16	0	0	0	0	0	0
fsh-generated/resources/Requirements-IMMZFXNREQ101.json	1148	5	0	0	0	0	0	0	1	5	0	0	0	0	0	0	0	0	0	0	18	16	0	0	0	1	0	0
fsh-generated/resources/Requirements-IMMZFXNREQ102.json	1162	5	0	0	0	0	0	0	0	5	0	0	0	0	0	0	0	0	0	0	19	16	0	0	0	0	0	0
fsh-generated/resources/Requirements-IMMZFXNREQ103.json	1260	5	0	0	0	0	0	0	0	6	0	0	0	0	0	0	0	0	0	0	17	16	0	0	0	0	0	0
fsh-generated/resources/Requirements-IMMZFXNREQ104.json	1498	5	0	0	0	0	0	0	0	5	0	0	0	0	0	0	0	0	0	0	18	15	0	0	0	1	0	0
fsh-generated/resources/Requirements-IMMZFXNREQ105.json	1360	5	0	0	0	0	0	0	0	5	0	0	0	0	0	0	0	0	0	0	19	16	0	0	0	0	0	1
fsh-generated/resources/Requirements-IMMZFXNREQ106.json	1205	5	0	0	0	0	0	0	0	6	0	0	0	0	0	0	0	0	0	0	20	16	0	0	0	0	0	0
fsh-generated/resources/Requirements-IMMZFXNREQ107.json	1106	5	0	0	0	0	0	0	0	5	0	0	0	0	0	0	0	0	0	0	18	16	0	0	0	1	0	0
fsh-generated/resources/Requirements-IMMZFXNREQ108.json	1422	5	0	0	0	0	0	0	0	5	0	0	0	0	0	0	0	0	0	0	24	16	0	0	0	0	0	0
fsh-generated/resources/Requirements-IMMZFXNREQ109.json	1346	5	0	0	1	0	0	0	0	6	0	0	0	0	0	0	0	0	0	0	17	17	0	0	0	0	0	0
fsh-generated/resources/Requirements-IMMZFXNREQ110.json	1572	5	0	0	0	0	0	0	0	5	0	0	0	0	0	0	0	0	0	0	18	16	0	0	0	1	0	0
fsh-generated/resources/Requirements-IMMZFXNREQ111.json	1696	5	0	0	0	0	0	0	0	6	0	0	0	0	0	0	0	0	0	0	18	16	0	0	0	0	0	0
fsh-generated/resources/Requirements-IMMZFXNREQ112.json	1352	5	0	0	0	0	0	0	0	5	0	0	0	0	0	0	0	0	0	0	18	16	0	0	0	0	0	0
fsh-generated/resources/Requirements-IMMZFXNREQ113.json	1254	5	0	0	0	0	0	0	0	5	0	0	0	0	0	0	0	0	0	0	17	16	0	0	0	1	0	0
fsh-generated/resources/Requirements-IMMZFXNREQ114.json	1248	5	0	0	0	0	0	0	0	6	0	0	0	0	0	0	0	0	0	0	17	16	0	0	0	0	0	0
fsh-generated/resources/Requirements-IMMZFXNREQ115.json	1406	5	0	0	0	0	0	0	0	5	0	0	0	0	0	0	0	0	0	0	18	16	0	0	0	0	0	0
fsh-generated/resources/Requirements-IMMZFXNREQ116.json	1190	5	0	0	0	0	0	0	0	5	0	0	0	0	0	0	0	0	0	0	17	16	0	0	0	1	0	0
fsh-generated/resources/Requirements-IMMZFXNREQ117.json	1155	5	0	0	0	0	0	0	0	6	0	0	0	0	0	0	0	0	0	0	18	16	0	0	0	0	0	0
fsh-generated/resources/Requirements-IMMZFXNREQ118.json	1243	5	0	0	1	0	0	0	0	5	0	0	0	0	0	0	0	0	0	0	20	16	0	0	0	0	0	0
fsh-generated/resources/Requirements-IMMZFXNREQ119.json	1311	5	0	0	0	0	0	0	0	6	0	0	0	0	0	0	0	0	0	0	17	16	0	0	0	1	0	0
fsh-generated/resources/Requirements-IMMZFXNREQ120.json	1279	6	0	0	0	0	0	0	1	8	0	0	0	0	0	0	0	0	0	0	18	16	0	0	0	0	0	0
fsh-generated/resources/Requirements-IMMZFXNREQ121.json	1152	5	0	0	0	0	0	0	0	6	0	0	0	0	0	0	0	0	0	0	23	16	0	0	0	0	0	0
fsh-generated/resources/Requirements-IMMZFXNREQ122.json	1134	5	0	0	0	0	0	0	0	8	0	0	0	0	0	0	0	0	0	0	20	16	0	0	0	1	0	0
fsh-generated/resources/Requirements-IMMZFXNREQ123.json	1242	10	0	0	0	0	0	0	0	6	0	0	0	0	0	0	0	0	0	0	21	17	0	0	0	0	0	0
fsh-generated/resources/Requirements-IMMZFXNREQ124.json	1058	6	0	0	0	0	0	0	0	5	0	0	0	0	0	0	0	0	0	0	19	17	0	0	0	0	0	0
fsh-generated/resources/Requirements-IMMZFXNREQ125.json	1177	5	0	0	0	0	0	0	0	7	0	0	0	0	0	0	0	0	0	0	18	17	0	0	0	1	0	0
fsh-generated/resources/Requirements-IMMZFXNREQ126.json	1351	28	0	0	0	0	0	0	0	5	0	0	0	0	0	0	0	0	0	0	17	16	0	0	0	0	0	0
fsh-generated/resources/Requirements-IMMZFXNREQ127.json	1250	6	0	0	0	0	0	0	0	6	0	0	0	0	0	0	0	0	0	0	19	17	0	0	0	0	0	0
fsh-generated/resources/Requirements-IMMZFXNREQ128.json	1402	5	0	0	1	0	0	0	0	6	0	0	0	0	0	0	0	0	0	0	17	16	0	0	0	1	0	0
fsh-generated/resources/Requirements-IMMZFXNREQ129.json	1276	5	0	0	0	0	0	0	0	5	0	0	0	0	0	0	0	0	0	0	18	17	0	0	0	0	0	0
fsh-generated/resources/Requirements-IMMZFXNREQ130.json	1266	5	0	0	0	0	0	0	0	7	0	0	0	0	0	0	0	0	0	0	20	16	0	0	0	0	0	0
fsh-generated/resources/Requirements-IMMZFXNREQ131.json	1232	5	0	0	0	0	0	0	0	5	0	0	0	0	0	0	0	0	0	0	18	16	0	0	0	1	0	0
fsh-generated/resources/Requirements-IMMZFXNREQ132.json	1223	5	0	0	0	0	0	0	0	6	0	0	0	0	0	0	0	0	0	0	17	16	0	0	0	0	0	1
fsh-generated/resources/Requirements-IMMZFXNREQ133.json	1213	5	0	0	0	0	0	0	0	5	0	0	0	0	0	0	0	0	0	0	20	16	0	0	0	0	1	0
fsh-generated/resources/Requirements-IMMZFXNREQ134.json	1595	5	0	0	0	0	0	0	0	6	0	0	0	0	0	0	0	0	0	0	19	16	0	0	0	1	0	0
fsh-generated/resources/Requirements-IMMZFXNREQ135.json	1249	5	0	0	0	0	0	0	0	5	0	0	0	0	0	0	0	0	0	0	18	16	0	0	0	0	0	0
fsh-generated/resources/Requirements-IMMZFXNREQ136.json	1265	5	0	0	0	0	0	0	0	5	0	0	0	0	0	0	0	0	0	0	18	16	0	0	0	0	0	0
fsh-generated/resources/Requirements-IMMZFXNREQ137.json	1433	5	0	0	1	0	0	0	0	6	0	0	0	0	0	0	0	0	0	0	20	16	0	0	0	1	0	0
fsh-generated/resources/Requirements-IMMZFXNREQ138.json	1515	5	0	0	0	0	0	0	0	5	0	0	0	0	0	0	0	0	0	0	18	16	0	0	0	0	0	0
fsh-generated/resources/Requirements-IMMZFXNREQ139.json	1158	5	0	0	0	0	0	0	0	5	0	0	0	0	0	0	0	0	0	0	18	16	0	0	0	1	0	0
fsh-generated/resources/Requirements-IMMZFXNREQ140.json	1194	5	0	0	0	0	0	0	1	6	0	0	0	0	0	0	0	0	0	0	18	16	0	0	0	0	0	0
fsh-generated/resources/Requirements-IMMZFXNREQ141.json	1294	5	0	0	0	0	0	0	0	5	0	0	0	0	0	0	0	0	0	0	19	17	0	0	0	0	0	0
fsh-generated/resources/Requirements-IMMZFXNREQ142.json	1598	5	0	0	0	0	0	0	0	5	0	0	0	0	0	0	0	0	0	0	19	16	0	0	0	1	0	0
fsh-generated/resources/Requirements-IMMZFXNREQ143.json	1628	5	0	0	0	0	0	0	0	6	0	0	0	0	0	0	0	0	0	0	18	16	0	0	0	0	0	0
fsh-generated/resources/Requirements-IMMZFXNREQ144.json	1336	5	0	0	0	0	0	0	0	5	0	0	0	0	0	0	0	0	0	0	18	16	0	0	0	0	0	0
fsh-generated/resources/Requirements-IMMZFXNREQ145.json	1396	5	0	0	0	0	0	0	0	5	0	0	0	0	0	0	0	0	0	0	19	15	0	0	0	1	0	0
fsh-generated/resources/Requirements-IMMZFXNREQ146.json	1314	5	0	0	1	0	0	0	0	6	0	0	0	0	0	0	0	0	0	0	18	16	0	0	0	0	0	0
fsh-generated/resources/Requirements-IMMZFXNREQ147.json	1284	5	0	0	0	0	0	0	0	7	0	0	0	0	0	0	0	0	0	0	18	16	0	0	0	0	0	0
fsh-generated/resources/Requirements-IMMZFXNREQ148.json	1102	5	0	0	0	0	0	0	0	6	0	0	0	0	0	0	0	0	0	0	18	16	0	0	0	1	0	0
fsh-generated/resources/Requirements-IMMZFXNREQ149.json	1130	5	0	0	0	0	0	0	0	5	0	0	0	0	0	0	0	0	0	0	19	16	0	0	0	0	0	0
fsh-generated/resources/Requirements-IMMZFXNREQ150.json	1120	5	0	0	0	0	0	0	0	6	0	0	0	0	0	0	0	0	0	0	19	15	0	0	0	0	0	0
fsh-generated/resources/Requirements-IMMZFXNREQ151.json	1204	5	0	0	0	0	0	0	0	5	0	0	0	0	0	0	0	0	0	0	18	16	0	0	0	1	0	0
fsh-generated/resources/ValueSet-FXREQBusinessProcesses.json	534	5	0	0	0	0	0	0	0	73	0	0	0	0	0	0	0	0	0	0	16	175	0	1	0	0	0	0
fsh-generated/resources/ValueSet-FXREQCategories.json	488	5	0	0	0	0	0	0	0	6	0	0	0	0	0	0	0	0	0	0	18	75	0	0	0	0	0	0
/fsh-generated/resources/Binary-LM.IMMZ.FXNREQ.001.A.json	810	-	0	0	0	0	0	0	0	0	0	0	0	0	0	0	0	0	0	0	16	10	0	0	0	0	0	0
/fsh-generated/resources/Binary-LM.IMMZ.FXNREQ.002.A.json	623	-	0	0	0	0	0	0	0	0	0	0	0	0	0	0	0	0	0	0	112	9	0	0	0	0	0	0
/fsh-generated/resources/Binary-LM.IMMZ.FXNREQ.003.A.json	610	-	0	0	0	0	0	0	0	0	0	0	0	0	0	0	0	0	0	0	15	8	0	0	0	0	0	0
/fsh-generated/resources/Binary-LM.IMMZ.FXNREQ.004.A.json	657	-	0	0	1	0	0	0	0	0	0	0	0	0	0	0	0	0	0	0	15	9	0	0	0	0	0	0
/fsh-generated/resources/Binary-LM.IMMZ.FXNREQ.005.A.json	651	-	0	0	0	0	0	0	0	0	0	0	0	0	0	0	0	0	0	0	15	8	0	0	0	0	0	0
/fsh-generated/resources/Binary-LM.IMMZ.FXNREQ.006.A.json	599	-	0	0	0	0	0	0	0	0	0	0	0	0	0	0	0	0	0	0	15	16	0	0	0	0	0	0
/fsh-generated/resources/Binary-LM.IMMZ.FXNREQ.007.A.json	644	-	0	0	0	0	0	0	0	0	0	0	0	0	0	0	0	0	0	0	15	8	0	0	0	0	0	0
/fsh-generated/resources/Binary-LM.IMMZ.FXNREQ.008.A.json	558	-	0	0	0	0	0	0	0	0	0	0	0	0	0	0	0	0	0	0	14	9	0	0	0	0	0	0
/fsh-generated/resources/Binary-LM.IMMZ.FXNREQ.009.A.json	604	-	0	0	0	0	0	0	0	0	0	0	0	0	0	0	0	0	0	0	16	8	0	0	0	0	0	0
/fsh-generated/resources/Binary-LM.IMMZ.FXNREQ.010.A.json	659	-	0	0	0	0	0	0	0	0	0	0	0	0	0	0	0	0	0	0	16	9	0	0	0	0	0	0
/fsh-generated/resources/Binary-LM.IMMZ.FXNREQ.011.A.json	558	-	0	0	0	0	0	0	0	0	0	0	0	0	0	0	0	0	0	0	15	8	0	0	0	0	0	0
/fsh-generated/resources/Binary-LM.IMMZ.FXNREQ.012.A.json	532	-	0	0	0	0	0	0	0	0	0	0	0	0	0	0	0	0	0	0	15	9	0	0	0	0	0	0
/fsh-generated/resources/Binary-LM.IMMZ.FXNREQ.013.A.json	533	-	0	0	0	0	0	0	0	0	0	0	0	0	0	0	0	0	0	0	15	8	0	0	0	0	0	0
/fsh-generated/resources/Binary-LM.IMMZ.FXNREQ.014.A.json	570	-	0	0	0	0	0	0	0	0	0	0	0	0	0	0	0	0	0	0	14	8	0	0	0	0	0	0
/fsh-generated/resources/Binary-LM.IMMZ.FXNREQ.015.A.json	609	-	0	0	0	0	0	0	0	0	0	0	0	0	0	0	0	0	0	0	16	9	0	0	0	0	0	0
/fsh-generated/resources/Binary-LM.IMMZ.FXNREQ.016.A.json	604	-	0	0	0	0	0	0	0	0	0	0	0	0	0	0	0	0	0	0	18	9	0	0	0	0	0	0
/fsh-generated/resources/Binary-LM.IMMZ.FXNREQ.017.A.json	573	-	0	0	1	0	0	0	0	0	0	0	0	0	0	0	0	0	0	0	15	9	0	0	0	0	0	0
/fsh-generated/resources/Binary-LM.IMMZ.FXNREQ.018.B.json	651	-	0	0	0	0	0	0	0	0	0	0	0	0	0	0	0	0	0	0	16	8	0	0	0	0	0	0
/fsh-generated/resources/Binary-LM.IMMZ.FXNREQ.019.B.json	557	-	0	0	0	0	0	0	0	0	0	0	0	0	0	0	0	0	0	0	15	8	0	0	0	0	0	0
/fsh-generated/resources/Binary-LM.IMMZ.FXNREQ.020.B.json	665	-	0	0	0	0	0	0	0	0	0	0	0	0	0	0	0	0	0	0	15	8	0	0	0	0	0	0
/fsh-generated/resources/Binary-LM.IMMZ.FXNREQ.021.B.json	636	-	0	0	0	0	0	0	0	0	0	0	0	0	0	0	0	0	0	0	16	9	0	0	0	0	0	0
/fsh-generated/resources/Binary-LM.IMMZ.FXNREQ.022.B.json	605	-	0	0	0	0	0	0	0	0	0	0	0	0	0	0	0	0	0	0	18	8	0	0	0	0	0	0
/fsh-generated/resources/Binary-LM.IMMZ.FXNREQ.023.B.json	602	-	0	0	0	0	0	0	0	0	0	0	0	0	0	0	0	0	0	0	16	8	0	0	0	0	0	0
/fsh-generated/resources/Binary-LM.IMMZ.FXNREQ.030.B.json	550	-	0	0	0	0	0	0	0	0	0	0	0	0	0	0	0	0	0	0	15	8	0	0	0	0	0	0
/fsh-generated/resources/Binary-LM.IMMZ.FXNREQ.031.B.json	533	-	0	0	0	0	0	0	0	0	0	0	0	0	0	0	0	0	0	0	15	9	0	0	0	0	0	0
/fsh-generated/resources/Binary-LM.IMMZ.FXNREQ.032.B.json	609	-	0	0	0	0	0	0	0	0	0	0	0	0	0	0	0	0	0	0	15	8	0	0	0	0	0	0
/fsh-generated/resources/Binary-LM.IMMZ.FXNREQ.033.B.json	665	-	0	0	0	0	0	0	0	0	0	0	0	0	0	0	0	0	0	0	15	8	0	0	0	0	0	0
/fsh-generated/resources/Binary-LM.IMMZ.FXNREQ.034.B.json	665	-	0	0	0	0	0	0	0	0	0	0	0	0	0	0	0	0	0	0	16	8	0	0	0	0	0	0
/fsh-generated/resources/Binary-LM.IMMZ.FXNREQ.035.C.json	577	-	0	0	0	0	0	0	0	0	0	0	0	0	0	0	0	0	0	0	15	9	0	0	0	0	0	0
/fsh-generated/resources/Binary-LM.IMMZ.FXNREQ.036.C.json	555	-	0	0	1	0	0	0	0	0	0	0	0	0	0	0	0	0	0	0	16	8	0	0	0	0	0	0
/fsh-generated/resources/Binary-LM.IMMZ.FXNREQ.037.C.json	524	-	0	0	0	0	0	0	0	0	0	0	0	0	0	0	0	0	0	0	15	8	0	0	0	0	0	0
/fsh-generated/resources/Binary-LM.IMMZ.FXNREQ.038.C.json	542	-	0	0	0	0	0	0	0	0	0	0	0	0	0	0	0	0	0	0	14	8	0	0	0	0	0	0
/fsh-generated/resources/Binary-LM.IMMZ.FXNREQ.039.C.json	607	-	0	0	0	0	0	0	0	0	0	0	0	0	0	0	0	0	0	0	15	9	0	0	0	0	0	0
/fsh-generated/resources/Binary-LM.IMMZ.FXNREQ.040.C.json	561	-	0	0	0	0	0	0	0	0	0	0	0	0	0	0	0	0	0	0	15	8	0	0	0	0	0	0
/fsh-generated/resources/Binary-LM.IMMZ.FXNREQ.041.C.json	534	-	0	0	0	0	0	0	0	0	0	0	0	0	0	0	0	0	0	0	15	8	0	0	0	0	0	0
/fsh-generated/resources/Binary-LM.IMMZ.FXNREQ.042.C.json	587	-	0	0	0	0	0	0	1	0	0	0	0	0	0	0	0	0	0	0	15	8	0	0	0	0	0	0
/fsh-generated/resources/Binary-LM.IMMZ.FXNREQ.043.C.json	553	-	0	0	0	0	0	0	0	0	0	0	0	0	0	0	0	0	0	0	16	9	0	0	0	0	0	0
/fsh-generated/resources/Binary-LM.IMMZ.FXNREQ.044.C.json	568	-	0	0	0	0	0	0	0	0	0	0	0	0	0	0	0	0	0	0	18	8	0	0	0	0	0	0
/fsh-generated/resources/Binary-LM.IMMZ.FXNREQ.045.C.json	588	-	0	0	0	0	0	0	0	0	0	0	0	0	0	0	0	0	0	0	14	8	0	0	0	0	0	0
/fsh-generated/resources/Binary-LM.IMMZ.FXNREQ.046.C.json	523	-	0	0	0	0	0	0	0	0	0	0	0	0	0	0	0	0	0	0	21	8	0	0	0	0	0	0
/fsh-generated/resources/Binary-LM.IMMZ.FXNREQ.047.C.json	572	-	0	0	0	0	0	0	0	0	0	0	0	0	0	0	0	0	0	0	15	8	0	0	0	0	0	0
/fsh-generated/resources/Binary-LM.IMMZ.FXNREQ.048.C.json	554	-	0	0	1	0	0	0	0	0	0	0	0	0	0	0	0	0	0	0	15	9	0	0	0	0	0	0
/fsh-generated/resources/Binary-LM.IMMZ.FXNREQ.049.C.json	562	-	0	0	0	0	0	0	0	0	0	0	0	0	0	0	0	0	0	0	17	8	0	0	0	0	0	0
/fsh-generated/resources/Binary-LM.IMMZ.FXNREQ.050.C.json	526	-	0	0	0	0	0	0	0	0	0	0	0	0	0	0	0	0	0	0	18	8	0	0	0	0	0	0
/fsh-generated/resources/Binary-LM.IMMZ.FXNREQ.051.C.json	533	-	0	0	0	0	0	0	0	0	0	0	0	0	0	0	0	0	0	0	15	8	0	0	0	0	0	0
/fsh-generated/resources/Binary-LM.IMMZ.FXNREQ.052.C.json	653	-	0	0	0	0	0	0	0	0	0	0	0	0	0	0	0	0	0	0	16	9	0	0	0	0	0	0
/fsh-generated/resources/Binary-LM.IMMZ.FXNREQ.053.C.json	570	-	0	0	0	0	0	0	0	0	0	0	0	0	0	0	0	0	0	0	16	8	0	0	0	0	0	0
/fsh-generated/resources/Binary-LM.IMMZ.FXNREQ.054.C.json	508	-	0	0	0	0	0	0	0	0	0	0	0	0	0	0	0	0	0	0	15	8	0	0	0	0	0	0
/fsh-generated/resources/Binary-LM.IMMZ.FXNREQ.055.C.json	565	-	0	0	0	0	0	0	0	0	0	0	0	0	0	0	0	0	0	0	14	8	0	0	0	0	0	0
/fsh-generated/resources/Binary-LM.IMMZ.FXNREQ.056.C.json	614	-	0	0	0	0	0	0	0	0	0	0	0	0	0	0	0	0	0	0	14	9	0	0	0	0	0	0
/fsh-generated/resources/Binary-LM.IMMZ.FXNREQ.057.C.json	550	-	0	0	0	0	0	0	0	0	0	0	0	0	0	0	0	0	0	0	14	8	0	0	0	0	0	0
/fsh-generated/resources/Binary-LM.IMMZ.FXNREQ.058.C.json	530	-	0	0	0	0	0	0	0	0	0	0	0	0	0	0	0	0	0	0	14	8	0	0	0	0	0	0
/fsh-generated/resources/Binary-LM.IMMZ.FXNREQ.059.C.json	539	-	0	0	0	0	0	0	0	0	0	0	0	0	0	0	0	0	0	0	15	8	0	0	0	0	0	0
/fsh-generated/resources/Binary-LM.IMMZ.FXNREQ.060.C.json	592	-	0	0	0	0	0	0	0	0	0	0	0	0	0	0	0	0	0	0	14	9	0	0	0	0	0	0
/fsh-generated/resources/Binary-LM.IMMZ.FXNREQ.061.D.json	574	-	0	0	1	0	0	0	0	0	0	0	0	0	0	0	0	0	0	0	14	8	0	0	0	0	0	0
/fsh-generated/resources/Binary-LM.IMMZ.FXNREQ.062.D.json	575	-	0	0	0	0	0	0	0	0	0	0	0	0	0	0	0	0	0	0	14	8	0	0	0	0	0	0
/fsh-generated/resources/Binary-LM.IMMZ.FXNREQ.063.D.json	570	-	0	0	0	0	0	0	0	0	0	0	0	0	0	0	0	0	0	0	15	8	0	0	0	0	0	0
/fsh-generated/resources/Binary-LM.IMMZ.FXNREQ.064.D.json	706	-	0	0	0	0	0	0	0	0	0	0	0	0	0	0	0	0	0	0	14	9	0	0	0	0	0	0
/fsh-generated/resources/Binary-LM.IMMZ.FXNREQ.065.D.json	547	-	0	0	0	0	0	0	0	0	0	0	0	0	0	0	0	0	0	0	14	8	0	0	0	0	0	0
/fsh-generated/resources/Binary-LM.IMMZ.FXNREQ.066.D.json	651	-	0	0	0	0	0	0	0	0	0	0	0	0	0	0	0	0	0	0	16	8	0	0	0	0	0	0
/fsh-generated/resources/Binary-LM.IMMZ.FXNREQ.067.D.json	622	-	0	0	0	0	0	0	0	0	0	0	0	0	0	0	0	0	0	0	16	8	0	0	0	0	0	0
/fsh-generated/resources/Binary-LM.IMMZ.FXNREQ.068.D.json	564	-	0	0	0	0	0	0	0	0	0	0	0	0	0	0	0	0	0	0	14	9	0	0	0	0	0	0
/fsh-generated/resources/Binary-LM.IMMZ.FXNREQ.069.D.json	567	-	0	0	0	0	0	0	0	0	0	0	0	0	0	0	0	0	0	0	14	8	0	0	0	0	0	0
/fsh-generated/resources/Binary-LM.IMMZ.FXNREQ.070.D.json	589	-	0	0	0	0	0	0	0	0	0	0	0	0	0	0	0	0	0	0	14	8	0	0	0	0	0	0
/fsh-generated/resources/Binary-LM.IMMZ.FXNREQ.071.D.json	558	-	0	0	0	0	0	0	0	0	0	0	0	0	0	0	0	0	0	0	14	8	0	0	0	0	0	0
/fsh-generated/resources/Binary-LM.IMMZ.FXNREQ.072.D.json	502	-	0	0	0	0	0	0	0	0	0	0	0	0	0	0	0	0	0	0	15	9	0	0	0	0	0	0
/fsh-generated/resources/Binary-LM.IMMZ.FXNREQ.073.D.json	644	-	0	0	1	0	0	0	0	0	0	0	0	0	0	0	0	0	0	0	14	8	0	0	0	0	0	0
/fsh-generated/resources/Binary-LM.IMMZ.FXNREQ.074.D.json	653	-	0	0	0	0	0	0	0	0	0	0	0	0	0	0	0	0	0	0	14	8	0	0	0	0	0	0
/fsh-generated/resources/Binary-LM.IMMZ.FXNREQ.075.D.json	567	-	0	0	0	0	0	0	0	0	0	0	0	0	0	0	0	0	0	0	15	8	0	0	0	0	0	0
/fsh-generated/resources/Binary-LM.IMMZ.FXNREQ.076.D.json	524	-	0	0	0	0	0	0	0	0	0	0	0	0	0	0	0	0	0	0	14	9	0	0	0	0	0	0
/fsh-generated/resources/Binary-LM.IMMZ.FXNREQ.077.D.json	534	-	0	0	0	0	0	0	0	0	0	0	0	0	0	0	0	0	0	0	14	8	0	0	0	0	0	0
/fsh-generated/resources/Binary-LM.IMMZ.FXNREQ.078.D.json	574	-	0	0	0	0	0	0	0	0	0	0	0	0	0	0	0	0	0	0	14	8	0	0	0	0	0	0
/fsh-generated/resources/Binary-LM.IMMZ.FXNREQ.080.D.json	567	-	0	0	0	0	0	0	0	0	0	0	0	0	0	0	0	0	0	0	14	8	0	0	0	0	0	0
/fsh-generated/resources/Binary-LM.IMMZ.FXNREQ.081.D.json	577	-	0	0	0	0	0	0	0	0	0	0	0	0	0	0	0	0	0	0	14	9	0	0	0	0	0	0
/fsh-generated/resources/Binary-LM.IMMZ.FXNREQ.082.D.json	609	-	0	0	0	0	0	0	0	0	0	0	0	0	0	0	0	0	0	0	29	8	0	0	0	0	0	0
/fsh-generated/resources/Binary-LM.IMMZ.FXNREQ.083.D.json	586	-	0	0	0	0	0	0	0	0	0	0	0	0	0	0	0	0	0	0	53	8	0	0	0	0	0	0
/fsh-generated/resources/Binary-LM.IMMZ.FXNREQ.084.E.json	638	-	0	0	0	0	0	0	0	0	0	0	0	0	0	0	0	0	0	0	30	8	0	0	0	0	0	0
/fsh-generated/resources/Binary-LM.IMMZ.FXNREQ.085.E.json	592	-	0	0	0	0	0	0	0	0	0	0	0	0	0	0	0	0	0	0	32	9	0	0	0	0	0	0
/fsh-generated/resources/Binary-LM.IMMZ.FXNREQ.086.E.json	615	-	0	0	0	0	1	0	0	0	0	0	0	0	0	0	0	0	0	0	46	8	0	0	0	0	0	0
/fsh-generated/resources/Binary-LM.IMMZ.FXNREQ.087.E.json	661	-	0	0	1	0	0	0	0	0	0	0	0	0	0	0	0	0	0	0	33	8	0	0	0	0	0	0
/fsh-generated/resources/Binary-LM.IMMZ.FXNREQ.088.E.json	541	-	0	0	0	0	0	0	0	0	0	0	0	0	0	0	0	0	0	0	15	8	0	0	0	0	0	0
/fsh-generated/resources/Binary-LM.IMMZ.FXNREQ.089.E.json	597	-	0	0	0	0	0	0	0	0	0	0	0	0	0	0	0	0	0	0	15	9	0	0	0	0	0	0
/fsh-generated/resources/Binary-LM.IMMZ.FXNREQ.090.E.json	625	-	0	0	0	0	0	0	0	0	0	0	0	0	0	0	0	0	0	0	14	8	0	0	0	0	0	0
/fsh-generated/resources/Binary-LM.IMMZ.FXNREQ.091.E.json	542	-	0	0	0	0	0	0	0	0	0	0	0	0	0	0	0	0	0	0	15	8	0	0	0	0	0	0
/fsh-generated/resources/Binary-LM.IMMZ.FXNREQ.092.E.json	536	-	0	0	0	0	0	0	0	0	0	0	0	0	0	0	0	0	0	0	14	8	0	0	0	0	0	0
/fsh-generated/resources/Binary-LM.IMMZ.FXNREQ.093.E.json	525	-	0	0	0	0	0	0	0	1	0	0	0	0	0	0	0	0	0	0	15	10	0	0	0	0	0	0
/fsh-generated/resources/Binary-LM.IMMZ.FXNREQ.094.E.json	571	-	0	0	0	0	0	0	0	0	0	0	0	0	0	0	0	0	0	0	15	8	0	0	0	0	0	0
/fsh-generated/resources/Binary-LM.IMMZ.FXNREQ.095.E.json	655	-	0	0	0	0	0	0	0	0	0	0	0	0	0	0	0	0	0	0	18	8	0	0	0	0	0	0
/fsh-generated/resources/Binary-LM.IMMZ.FXNREQ.096.E.json	647	-	1	0	0	0	0	0	0	0	0	0	0	0	0	0	0	0	0	0	14	9	0	0	0	0	0	0
/fsh-generated/resources/Binary-LM.IMMZ.FXNREQ.097.F.json	624	-	0	0	0	0	0	0	0	0	0	0	0	0	0	0	0	0	0	0	15	8	0	0	0	0	0	0
/fsh-generated/resources/Binary-LM.IMMZ.FXNREQ.098.F.json	605	-	0	0	0	0	0	0	0	0	0	0	0	0	0	0	0	0	0	0	14	8	0	0	0	0	0	0
/fsh-generated/resources/Binary-LM.IMMZ.FXNREQ.099.F.json	652	-	0	0	1	0	0	0	0	0	0	0	0	0	0	0	0	0	0	0	16	8	0	0	0	0	0	0
/fsh-generated/resources/Binary-LM.IMMZ.FXNREQ.100.F.json	550	-	0	0	0	0	0	0	0	0	0	0	0	0	0	0	0	0	0	0	15	9	0	0	0	0	0	0
/fsh-generated/resources/Binary-LM.IMMZ.FXNREQ.101.F.json	588	-	0	0	0	0	0	0	0	0	0	0	0	0	0	0	0	0	0	0	14	8	0	0	0	0	0	0
/fsh-generated/resources/Binary-LM.IMMZ.FXNREQ.102.F.json	571	-	0	0	0	0	0	0	0	0	0	0	0	0	0	0	0	0	0	0	15	8	0	0	0	0	0	0
/fsh-generated/resources/Binary-LM.IMMZ.FXNREQ.103.F.json	593	-	0	0	0	0	0	0	0	0	0	0	0	0	0	0	0	0	0	0	15	9	0	0	0	0	0	0
/fsh-generated/resources/Binary-LM.IMMZ.FXNREQ.104.F.json	684	-	0	0	0	0	0	0	0	0	0	0	0	0	0	0	0	0	0	0	16	11	0	0	0	0	0	0
/fsh-generated/resources/Binary-LM.IMMZ.FXNREQ.105.F.json	619	-	0	0	0	0	0	0	0	0	0	0	0	0	0	0	0	0	0	0	15	8	0	0	0	0	0	0
/fsh-generated/resources/Binary-LM.IMMZ.FXNREQ.106.F.json	558	-	0	0	0	0	0	0	0	0	0	0	0	0	0	0	0	0	0	0	17	11	0	0	0	0	0	0
/fsh-generated/resources/Binary-LM.IMMZ.FXNREQ.107.F.json	557	-	0	0	0	0	0	0	0	0	0	0	0	0	0	0	0	0	0	0	15	8	0	0	0	0	0	0
/fsh-generated/resources/Binary-LM.IMMZ.FXNREQ.108.F.json	651	-	0	0	0	0	0	0	0	0	0	0	0	0	0	0	0	0	0	0	14	8	0	0	0	0	0	0
/fsh-generated/resources/Binary-LM.IMMZ.FXNREQ.109.F.json	613	-	0	0	0	0	0	0	0	0	0	0	0	0	0	0	0	0	0	0	18	9	0	0	0	0	0	0
/fsh-generated/resources/Binary-LM.IMMZ.FXNREQ.110.F.json	678	-	0	0	0	0	0	0	0	0	0	0	0	0	0	0	0	0	0	0	15	8	0	0	0	0	0	0
/fsh-generated/resources/Binary-LM.IMMZ.FXNREQ.111.F.json	749	-	0	0	1	0	0	0	0	0	0	0	0	0	0	0	0	0	0	0	15	8	0	0	0	0	0	0
/fsh-generated/resources/Binary-LM.IMMZ.FXNREQ.112.F.json	607	-	0	0	0	0	0	0	0	0	0	0	0	0	0	0	0	0	0	0	16	9	0	0	0	0	0	0
/fsh-generated/resources/Binary-LM.IMMZ.FXNREQ.113.G.json	578	-	0	0	0	0	0	0	0	0	0	0	0	0	0	0	0	0	0	0	14	15	0	0	0	0	0	0
/fsh-generated/resources/Binary-LM.IMMZ.FXNREQ.114.G.json	565	-	0	0	0	0	0	0	0	0	0	0	0	0	0	0	0	0	0	0	15	8	0	0	0	0	0	0
/fsh-generated/resources/Binary-LM.IMMZ.FXNREQ.115.G.json	620	-	0	0	0	0	0	0	0	0	0	0	0	0	0	0	0	0	0	0	15	8	0	0	0	0	0	0
/fsh-generated/resources/Binary-LM.IMMZ.FXNREQ.116.G.json	571	-	0	0	0	0	0	0	0	0	0	0	0	0	0	0	0	0	0	0	14	8	0	0	0	0	0	0
/fsh-generated/resources/Binary-LM.IMMZ.FXNREQ.117.G.json	544	-	0	0	0	0	0	0	0	0	0	0	0	0	0	0	0	0	0	0	19	8	0	0	0	0	0	0
/fsh-generated/resources/Binary-LM.IMMZ.FXNREQ.118.G.json	572	-	0	0	0	0	0	0	0	0	0	0	0	0	0	0	0	0	0	0	15	9	0	0	0	0	0	0
/fsh-generated/resources/Binary-LM.IMMZ.FXNREQ.119.G.json	597	-	0	0	0	0	0	0	0	0	0	0	0	0	0	0	0	0	0	0	16	8	0	0	0	0	0	0
/fsh-generated/resources/Binary-LM.IMMZ.FXNREQ.120.G.json	586	-	0	0	0	0	0	0	0	0	0	0	0	0	0	0	0	0	0	0	15	8	0	0	0	0	0	0
/fsh-generated/resources/Binary-LM.IMMZ.FXNREQ.121.G.json	516	-	0	0	0	0	0	0	0	0	0	0	0	0	0	0	0	0	0	0	14	8	0	0	0	0	0	0
/fsh-generated/resources/Binary-LM.IMMZ.FXNREQ.122.G.json	512	-	0	0	0	0	0	0	0	0	0	0	0	0	0	0	0	0	0	0	14	9	0	0	0	0	0	0
/fsh-generated/resources/Binary-LM.IMMZ.FXNREQ.123.G.json	550	-	0	0	1	0	0	0	0	0	0	0	0	0	0	0	0	0	0	0	14	8	0	0	0	0	0	0
/fsh-generated/resources/Binary-LM.IMMZ.FXNREQ.124.G.json	497	-	0	0	0	0	0	0	0	0	0	0	0	0	0	0	0	0	0	0	15	8	0	0	0	0	0	0
/fsh-generated/resources/Binary-LM.IMMZ.FXNREQ.125.G.json	570	-	0	0	0	0	0	0	0	0	0	0	0	0	0	0	0	0	0	0	15	8	0	0	0	0	0	0
/fsh-generated/resources/Binary-LM.IMMZ.FXNREQ.126.G.json	636	-	0	0	0	0	0	0	0	0	0	0	0	0	0	0	0	0	0	0	14	8	0	0	0	0	0	0
/fsh-generated/resources/Binary-LM.IMMZ.FXNREQ.127.H.json	595	-	0	0	0	0	0	0	0	0	0	0	0	0	0	0	0	0	0	0	15	9	0	0	0	0	0	0
/fsh-generated/resources/Binary-LM.IMMZ.FXNREQ.128.H.json	637	-	0	0	0	0	0	0	0	0	0	0	0	0	0	0	0	0	0	0	14	8	0	0	0	0	0	0
/fsh-generated/resources/Binary-LM.IMMZ.FXNREQ.129.H.json	592	-	0	0	0	0	0	0	0	0	0	0	0	0	0	0	0	0	0	0	15	8	0	0	0	0	0	0
/fsh-generated/resources/Binary-LM.IMMZ.FXNREQ.130.H.json	599	-	0	0	0	0	0	0	0	0	0	0	0	0	0	0	0	0	0	0	14	8	0	0	0	0	0	0
/fsh-generated/resources/Binary-LM.IMMZ.FXNREQ.131.H.json	575	-	0	0	0	0	0	0	0	0	0	0	0	0	0	0	0	0	0	0	14	9	0	0	0	0	0	0
/fsh-generated/resources/Binary-LM.IMMZ.FXNREQ.132.H.json	567	-	0	0	0	0	0	0	0	0	0	0	0	0	0	0	0	0	0	0	14	8	0	0	0	0	0	0
/fsh-generated/resources/Binary-LM.IMMZ.FXNREQ.133.H.json	571	-	0	0	0	0	0	0	0	0	0	0	0	0	0	0	0	0	0	0	13	8	0	0	0	0	0	0
/fsh-generated/resources/Binary-LM.IMMZ.FXNREQ.134.H.json	650	-	0	0	0	0	0	0	0	0	0	0	0	0	0	0	0	0	0	0	16	8	0	0	0	0	0	0
/fsh-generated/resources/Binary-LM.IMMZ.FXNREQ.135.H.json	584	-	0	0	1	0	0	0	0	0	0	0	0	0	0	0	0	0	0	0	13	9	0	0	0	0	0	0
/fsh-generated/resources/Binary-LM.IMMZ.FXNREQ.136.H.json	579	-	0	0	0	0	0	0	0	0	0	0	0	0	0	0	0	0	0	0	15	8	0	0	0	0	0	0
/fsh-generated/resources/Binary-LM.IMMZ.FXNREQ.137.H.json	629	-	0	0	0	0	0	0	0	0	0	0	0	0	0	0	0	0	0	0	15	8	0	0	0	0	0	0
/fsh-generated/resources/Binary-LM.IMMZ.FXNREQ.138.H.json	659	-	0	0	0	0	0	0	0	0	0	0	0	0	0	0	0	0	0	0	15	9	0	0	0	0	0	0
/fsh-generated/resources/Binary-LM.IMMZ.FXNREQ.139.H.json	537	-	0	0	0	0	0	0	0	0	0	0	0	0	0	0	0	0	0	0	15	8	0	0	0	0	0	0
/fsh-generated/resources/Binary-LM.IMMZ.FXNREQ.140.H.json	557	-	0	0	0	0	0	0	0	0	0	0	0	0	0	0	0	0	0	0	18	8	0	0	0	0	0	0
/fsh-generated/resources/Binary-LM.IMMZ.FXNREQ.141.H.json	586	-	0	0	0	0	0	0	0	0	0	0	0	0	0	0	0	0	0	0	16	8	0	0	0	0	0	0
/fsh-generated/resources/Binary-LM.IMMZ.FXNREQ.142.I.json	648	-	0	0	0	0	0	0	0	0	0	0	0	0	0	0	0	0	0	0	16	8	0	0	0	0	0	0
/fsh-generated/resources/Binary-LM.IMMZ.FXNREQ.143.I.json	666	-	0	0	0	0	0	0	0	0	0	0	0	0	0	0	0	0	0	0	15	9	0	0	0	0	0	0
/fsh-generated/resources/Binary-LM.IMMZ.FXNREQ.144.I.json	619	-	0	0	0	0	0	0	0	0	0	0	0	0	0	0	0	0	0	0	17	8	0	0	0	0	0	0
/fsh-generated/resources/Binary-LM.IMMZ.FXNREQ.145.I.json	600	-	0	0	0	0	0	0	0	0	0	0	0	0	0	0	0	0	0	0	16	8	0	0	0	0	0	0
/fsh-generated/resources/Binary-LM.IMMZ.FXNREQ.146.I.json	598	-	0	0	1	0	0	0	0	0	0	0	0	0	0	0	0	0	0	0	19	8	0	0	0	0	0	0
/fsh-generated/resources/Binary-LM.IMMZ.FXNREQ.147.I.json	562	-	0	0	0	0	0	0	0	0	0	0	0	0	0	0	0	0	0	0	14	8	0	0	0	0	0	0
/fsh-generated/resources/Binary-LM.IMMZ.FXNREQ.148.I.json	510	-	0	0	0	0	0	0	0	0	0	0	0	0	0	0	0	0	0	0	15	9	0	0	0	0	0	0
/fsh-generated/resources/Binary-LM.IMMZ.FXNREQ.149.I.json	511	-	0	0	0	0	0	0	0	0	0	0	0	0	0	0	0	0	0	0	15	8	0	0	0	0	0	0
/fsh-generated/resources/Binary-LM.IMMZ.FXNREQ.150.I.json	513	-	0	0	0	0	0	0	0	1	0	0	0	0	0	0	0	0	0	0	15	8	0	0	0	0	0	0
/fsh-generated/resources/Binary-LM.IMMZ.FXNREQ.151.I.json	534	-	0	0	0	0	0	0	0	0	0	0	0	0	0	0	0	0	0	0	14	8	0	0	0	0	0	0
/fsh-generated/resources/Binary-LM.IMMZ.NFXNREQ.001.json	313	-	0	0	0	0	0	0	0	0	0	0	0	0	0	0	0	0	0	0	16	9	0	0	0	0	0	0
/fsh-generated/resources/Binary-LM.IMMZ.NFXNREQ.002.json	331	-	0	0	0	0	0	0	0	0	0	0	0	0	0	0	0	0	0	0	15	8	0	0	0	0	0	0
/fsh-generated/resources/Binary-LM.IMMZ.NFXNREQ.003.json	423	-	0	0	0	0	0	0	0	0	0	0	0	0	0	0	0	0	0	0	17	8	0	0	0	0	0	0
/fsh-generated/resources/Binary-LM.IMMZ.NFXNREQ.004.json	337	-	0	0	0	0	0	0	0	0	0	0	0	0	0	0	0	0	0	0	14	8	0	0	0	0	0	0
/fsh-generated/resources/Binary-LM.IMMZ.NFXNREQ.005.json	384	-	0	0	0	0	0	0	0	0	0	0	0	0	0	0	0	0	0	0	14	8	0	0	0	0	0	0
/fsh-generated/resources/Binary-LM.IMMZ.NFXNREQ.006.json	395	-	0	0	0	0	0	0	1	0	0	0	0	0	0	0	0	0	0	0	14	9	0	0	0	0	0	0
/fsh-generated/resources/Binary-LM.IMMZ.NFXNREQ.007.json	316	-	0	0	0	0	0	0	0	0	0	0	0	0	0	0	0	0	0	0	14	8	0	0	0	0	0	0
/fsh-generated/resources/Binary-LM.IMMZ.NFXNREQ.008.json	354	-	0	0	1	0	0	0	0	0	0	0	0	0	0	0	0	0	0	0	14	8	0	0	0	0	0	0
/fsh-generated/resources/Binary-LM.IMMZ.NFXNREQ.009.json	314	-	0	0	0	0	0	0	0	0	0	0	0	0	0	0	0	0	0	0	16	8	0	0	0	0	0	0
/fsh-generated/resources/Binary-LM.IMMZ.NFXNREQ.010.json	373	-	0	0	0	0	0	0	0	0	0	0	0	0	0	0	0	0	0	0	19	9	0	0	0	0	0	0
/fsh-generated/resources/Binary-LM.IMMZ.NFXNREQ.011.json	318	-	0	0	0	0	0	0	0	0	0	0	0	0	0	0	0	0	0	0	14	8	0	0	0	0	0	0
/fsh-generated/resources/Binary-LM.IMMZ.NFXNREQ.012.json	325	-	0	0	0	0	0	0	0	0	0	0	0	0	0	0	0	0	0	0	14	8	0	0	0	0	0	0
/fsh-generated/resources/Binary-LM.IMMZ.NFXNREQ.013.json	337	-	0	0	0	0	0	0	0	0	0	0	0	0	0	0	0	0	0	0	14	8	0	0	0	0	0	0
/fsh-generated/resources/Binary-LM.IMMZ.NFXNREQ.014.json	336	-	0	0	0	0	0	0	0	0	0	0	0	0	0	0	0	0	0	0	14	8	0	0	0	0	0	0
/fsh-generated/resources/Binary-LM.IMMZ.NFXNREQ.015.json	338	-	0	0	0	0	0	0	0	0	0	0	0	0	0	0	0	0	0	0	14	9	0	0	0	0	0	0
/fsh-generated/resources/Binary-LM.IMMZ.NFXNREQ.016.json	340	-	0	0	0	0	0	0	0	0	0	0	0	0	0	0	0	0	0	0	15	8	0	0	0	0	0	0
/fsh-generated/resources/Binary-LM.IMMZ.NFXNREQ.017.json	445	-	0	0	0	0	0	0	0	0	0	0	0	0	0	0	0	0	0	0	14	8	0	0	0	0	0	0
/fsh-generated/resources/Binary-LM.IMMZ.NFXNREQ.018.json	300	-	0	0	0	0	0	0	0	0	0	0	0	0	0	0	0	0	0	0	13	8	0	0	0	0	0	0
/fsh-generated/resources/Binary-LM.IMMZ.NFXNREQ.019.json	352	-	0	0	0	0	0	0	0	0	0	0	0	0	0	0	0	0	0	0	14	8	0	0	0	0	0	0
/fsh-generated/resources/Binary-LM.IMMZ.NFXNREQ.020.json	294	-	0	0	1	0	0	0	0	0	0	0	0	0	0	0	0	0	0	0	14	8	0	0	0	0	0	0
/fsh-generated/resources/Binary-LM.IMMZ.NFXNREQ.021.json	366	-	0	0	0	0	0	0	0	0	0	0	0	0	0	0	0	0	0	0	14	9	0	0	0	0	0	0
/fsh-generated/resources/Binary-LM.IMMZ.NFXNREQ.022.json	386	-	0	0	0	0	0	0	0	0	0	0	0	0	0	0	0	0	0	0	14	8	0	0	0	0	0	0
/fsh-generated/resources/Binary-LM.IMMZ.NFXNREQ.023.json	360	-	0	0	0	0	0	0	0	0	0	0	0	0	0	0	0	0	0	0	15	8	0	0	0	0	0	0
/fsh-generated/resources/Binary-LM.IMMZ.NFXNREQ.024.json	329	-	0	0	0	0	0	0	0	0	0	0	0	0	0	0	0	0	0	0	14	8	0	0	0	0	0	0
/fsh-generated/resources/Binary-LM.IMMZ.NFXNREQ.025.json	386	-	0	0	0	0	0	0	0	0	0	0	0	0	0	0	0	0	0	0	14	9	0	0	0	0	0	0
/fsh-generated/resources/Binary-LM.IMMZ.NFXNREQ.026.json	402	-	0	0	0	0	0	0	0	0	0	0	0	0	0	0	0	0	0	0	14	8	0	0	0	0	0	0
/fsh-generated/resources/Binary-LM.IMMZ.NFXNREQ.027.json	334	-	0	0	0	0	0	0	0	0	0	0	0	0	0	0	0	0	0	0	13	8	0	0	0	0	0	0
/fsh-generated/resources/Binary-LM.IMMZ.NFXNREQ.028.json	317	-	0	0	0	0	0	0	0	0	0	0	0	0	0	0	0	0	0	0	15	8	0	0	0	0	0	0
/fsh-generated/resources/Binary-LM.IMMZ.NFXNREQ.029.json	359	-	0	0	0	0	0	0	0	0	0	0	0	0	0	0	0	0	0	0	14	8	0	0	0	0	0	0
/fsh-generated/resources/Binary-LM.IMMZ.NFXNREQ.030.json	367	-	0	0	0	0	0	0	0	0	0	0	0	0	0	0	0	0	0	0	14	9	0	0	0	0	0	0
/fsh-generated/resources/Binary-LM.IMMZ.NFXNREQ.031.json	375	-	0	0	0	0	0	0	0	0	0	0	0	0	0	0	0	0	0	0	13	8	0	0	0	0	0	0
/fsh-generated/resources/Binary-LM.IMMZ.NFXNREQ.032.json	354	-	0	0	1	0	0	0	0	0	0	0	0	0	0	0	0	0	0	0	15	8	0	0	0	0	0	0
/fsh-generated/resources/Binary-LM.IMMZ.NFXNREQ.033.json	472	-	0	0	0	0	0	0	0	0	0	0	0	0	0	0	0	0	0	0	14	8	0	0	0	0	0	0
/fsh-generated/resources/Binary-LM.IMMZ.NFXNREQ.034.json	320	-	0	0	0	0	0	0	0	0	0	0	0	0	0	0	0	0	0	0	14	8	0	0	0	0	0	0
/fsh-generated/resources/Binary-LM.IMMZ.NFXNREQ.035.json	313	-	0	0	0	0	0	0	0	0	0	0	0	0	0	0	0	0	0	0	14	9	0	0	0	0	0	0
/fsh-generated/resources/Binary-LM.IMMZ.NFXNREQ.036.json	328	-	0	0	0	0	0	0	0	0	0	0	0	0	0	0	0	0	0	0	15	8	0	0	0	0	0	0
/fsh-generated/resources/Binary-LM.IMMZ.NFXNREQ.037.json	362	-	0	0	0	0	0	0	0	0	0	0	0	0	0	0	0	0	0	0	14	8	0	0	0	0	0	0
/fsh-generated/resources/Binary-LM.IMMZ.NFXNREQ.038.json	357	-	0	0	0	0	0	0	0	0	0	0	0	0	0	0	0	0	0	0	15	8	0	0	0	0	0	0
/fsh-generated/resources/Binary-LM.IMMZ.NFXNREQ.039.json	328	-	0	0	0	0	0	0	0	0	0	0	0	0	0	0	0	0	0	0	14	8	0	0	0	0	0	0
/fsh-generated/resources/Binary-LM.IMMZ.NFXNREQ.040.json	322	-	0	0	0	0	0	0	0	0	0	0	0	0	0	0	0	0	0	0	14	9	0	0	0	0	0	0
/fsh-generated/resources/Binary-LM.IMMZ.NFXNREQ.041.json	331	-	0	1	0	0	0	0	0	0	0	0	0	0	0	0	0	0	0	0	15	8	0	0	0	0	0	0
/fsh-generated/resources/Binary-LM.IMMZ.NFXNREQ.042.json	356	-	0	0	0	0	0	0	0	0	0	0	0	0	0	0	0	0	0	0	15	8	0	0	0	0	0	0
/fsh-generated/resources/Binary-LM.IMMZ.NFXNREQ.043.json	310	-	0	0	1	0	0	0	0	0	0	0	0	0	0	0	0	0	0	0	14	8	0	0	0	0	0	0
/fsh-generated/resources/Binary-LM.IMMZ.NFXNREQ.044.json	321	-	0	0	0	0	0	0	0	0	0	0	0	0	0	0	0	0	0	0	14	8	0	0	0	0	0	0
/fsh-generated/resources/Binary-LM.IMMZ.NFXNREQ.045.json	369	-	0	0	0	0	0	1	0	0	0	0	0	0	0	0	0	0	0	0	14	9	0	0	0	0	0	0
/fsh-generated/resources/Binary-LM.IMMZ.NFXNREQ.046.json	407	-	0	0	0	0	0	0	0	0	0	0	0	0	0	0	0	0	0	0	16	8	0	0	0	0	0	0
/fsh-generated/resources/Binary-LM.IMMZ.NFXNREQ.047.json	366	-	0	0	0	0	0	0	0	0	0	0	0	0	0	0	0	0	0	0	13	8	0	0	0	0	0	0
/fsh-generated/resources/Binary-LM.IMMZ.NFXNREQ.048.json	319	-	0	0	0	0	0	0	0	0	0	0	0	0	0	0	0	0	0	0	15	8	0	0	0	0	0	0
/fsh-generated/resources/Binary-LM.IMMZ.NFXNREQ.049.json	337	-	0	0	0	0	0	0	0	0	0	0	0	0	0	0	0	0	0	0	13	9	0	0	0	0	0	0
/fsh-generated/resources/Binary-LM.IMMZ.NFXNREQ.050.json	358	-	0	0	0	0	0	0	0	0	0	0	0	0	0	0	0	0	0	0	19	9	0	0	0	0	0	0
/fsh-generated/resources/Binary-LM.IMMZ.NFXNREQ.051.json	438	-	0	0	0	0	0	0	0	0	0	0	0	0	0	0	0	0	0	0	15	9	0	0	0	0	0	0
/fsh-generated/resources/Binary-LM.IMMZ.NFXNREQ.052.json	382	-	0	0	0	0	0	0	0	0	0	0	0	0	0	0	0	0	0	0	14	8	0	0	0	0	0	0
/fsh-generated/resources/Binary-LM.IMMZ.NFXNREQ.053.json	359	-	0	0	0	0	0	0	0	0	0	0	0	0	0	0	0	0	0	0	14	8	0	0	0	0	0	0
/fsh-generated/resources/Binary-LM.IMMZ.NFXNREQ.054.json	396	-	0	0	0	0	0	0	0	0	0	0	0	0	0	0	0	0	0	0	14	8	0	0	0	0	0	0
/fsh-generated/resources/Binary-LM.IMMZ.NFXNREQ.055.json	367	-	0	0	0	0	0	0	0	0	0	0	0	0	0	0	0	0	0	0	14	9	0	0	0	0	0	0
/fsh-generated/resources/Binary-LM.IMMZ.NFXNREQ.056.json	425	-	0	0	1	0	0	0	0	0	0	0	0	0	0	0	0	0	0	0	15	8	0	0	0	0	0	0
/fsh-generated/resources/Binary-LM.IMMZ.NFXNREQ.057.json	352	-	0	0	0	0	0	0	0	0	0	0	0	0	0	0	0	0	0	0	14	8	0	0	0	0	0	0
/fsh-generated/resources/Binary-LM.IMMZ.NFXNREQ.058.json	356	-	0	0	0	0	0	0	0	0	0	0	0	0	0	0	0	0	0	0	14	8	0	0	0	0	0	0
/fsh-generated/resources/Binary-LM.IMMZ.NFXNREQ.059.json	325	-	0	0	0	0	0	0	0	0	0	0	0	0	0	0	0	0	0	0	14	9	0	0	0	0	0	0
/fsh-generated/resources/Binary-LM.IMMZ.NFXNREQ.060.json	331	-	0	0	0	0	0	0	0	0	0	0	0	0	0	0	0	0	0	0	14	8	0	0	0	0	0	0
/fsh-generated/resources/Binary-LM.IMMZ.NFXNREQ.061.json	339	-	0	0	0	0	0	0	0	0	0	0	0	0	0	0	0	0	0	0	20	8	0	0	0	0	0	0
/fsh-generated/resources/Binary-LM.IMMZ.NFXNREQ.062.json	361	-	0	0	0	0	0	0	0	1	0	0	0	0	0	0	0	0	0	0	15	8	0	0	0	0	0	0
/fsh-generated/resources/Binary-LM.IMMZ.NFXNREQ.063.json	352	-	0	0	0	0	0	0	0	0	0	0	0	0	0	0	0	0	0	0	14	9	0	0	0	0	0	0
/fsh-generated/resources/Binary-LM.IMMZ.NFXNREQ.064.json	399	-	0	0	0	0	0	0	0	0	0	0	0	0	0	0	0	0	0	0	15	8	0	0	0	0	0	0
/fsh-generated/resources/Binary-LM.IMMZ.NFXNREQ.065.json	356	-	0	0	0	0	0	0	0	0	0	0	0	0	0	0	0	0	0	0	15	8	0	0	0	0	0	0
/fsh-generated/resources/Binary-LM.IMMZ.NFXNREQ.066.json	374	-	0	0	0	0	0	0	0	0	0	0	0	0	0	0	0	0	0	0	14	8	0	0	0	0	0	0
/fsh-generated/resources/Binary-LM.IMMZ.NFXNREQ.067.json	353	-	0	0	0	0	0	0	0	0	0	0	0	0	0	0	0	0	0	0	14	8	0	0	0	0	0	0
/fsh-generated/resources/Binary-LM.IMMZ.NFXNREQ.068.json	338	-	0	0	1	0	0	0	0	0	0	0	0	0	0	0	0	0	0	0	15	9	0	0	0	0	0	0
/fsh-generated/resources/Binary-LM.IMMZ.NFXNREQ.069.json	331	-	0	0	0	0	0	0	0	0	0	0	0	0	0	0	0	0	0	0	15	8	0	0	0	0	0	0
/fsh-generated/resources/Binary-LM.IMMZ.NFXNREQ.070.json	357	-	0	0	0	0	0	0	0	0	0	0	0	0	0	0	0	0	0	0	14	8	0	0	0	0	0	0
/fsh-generated/resources/Binary-LM.IMMZ.NFXNREQ.071.json	340	-	0	0	0	0	0	0	0	0	0	0	0	0	0	0	0	0	0	0	13	8	0	0	0	0	0	0
/fsh-generated/resources/Binary-LM.IMMZ.NFXNREQ.072.json	468	-	0	0	0	0	0	0	0	0	0	0	0	0	0	0	0	0	0	0	16	9	0	0	0	0	0	0
/fsh-generated/resources/Binary-LM.IMMZ.NFXNREQ.073.json	357	-	0	0	0	0	0	0	0	0	0	0	0	0	0	0	0	0	0	0	15	8	0	0	0	0	0	0
/fsh-generated/resources/Binary-LM.IMMZ.NFXNREQ.074.json	346	-	0	0	0	0	0	0	0	0	0	0	0	0	0	0	0	0	0	0	15	8	0	0	0	0	0	0
/fsh-generated/resources/Binary-LM.IMMZ.NFXNREQ.075.json	343	-	0	0	0	0	0	0	0	0	0	0	0	0	0	0	0	0	0	0	15	8	0	0	0	0	0	0
/fsh-generated/resources/Binary-LM.IMMZ.NFXNREQ.076.json	332	-	0	0	0	0	0	0	0	0	0	0	0	0	0	0	0	0	0	0	17	9	0	0	0	0	0	0
/fsh-generated/resources/Binary-LM.IMMZ.NFXNREQ.077.json	357	-	0	0	0	0	0	0	0	0	0	0	0	0	0	0	0	0	0	0	15	8	0	0	0	0	0	0
/fsh-generated/resources/Binary-LM.IMMZ.NFXNREQ.078.json	361	-	0	0	0	0	0	0	0	0	0	0	0	0	0	0	0	0	0	0	15	8	0	0	0	0	0	0
/fsh-generated/resources/Binary-LM.IMMZ.NFXNREQ.079.json	326	-	0	0	0	0	0	0	0	0	0	0	0	0	0	0	0	0	0	0	14	8	0	0	0	0	0	0
/fsh-generated/resources/Binary-LM.IMMZ.NFXNREQ.080.json	338	-	0	0	1	0	0	0	0	0	0	0	0	0	0	0	0	0	0	0	16	9	0	0	0	0	0	0
/fsh-generated/resources/Binary-LM.IMMZ.NFXNREQ.081.json	364	-	0	0	0	0	0	0	0	0	0	0	0	0	0	0	0	0	0	0	15	8	0	0	0	0	0	0
/fsh-generated/resources/Binary-LM.IMMZ.NFXNREQ.082.json	329	-	0	0	0	0	0	0	0	0	0	0	0	0	0	0	0	0	0	0	15	8	0	0	0	0	0	0
/fsh-generated/resources/Binary-LM.IMMZ.NFXNREQ.083.json	359	-	0	0	0	0	0	0	0	0	0	0	0	0	0	0	0	0	0	0	17	8	0	0	0	0	0	0
/fsh-generated/resources/Binary-LM.IMMZ.NFXNREQ.084.json	320	-	0	0	0	0	0	0	0	0	0	0	0	0	0	0	0	0	0	0	15	9	0	0	0	0	0	0
/fsh-generated/resources/Binary-LM.IMMZ.NFXNREQ.085.json	360	-	0	0	0	0	0	0	0	0	0	0	0	0	0	0	0	0	0	0	15	8	0	0	0	0	0	0
/fsh-generated/resources/Binary-LM.IMMZ.NFXNREQ.086.json	377	-	0	0	0	0	0	0	0	0	0	0	0	0	0	0	0	0	0	0	14	8	0	0	0	0	0	0
/fsh-generated/resources/Binary-LM.IMMZ.NFXNREQ.087.json	345	-	0	0	0	0	0	0	0	0	0	0	0	0	0	0	0	0	0	0	14	8	0	0	0	0	0	0
/fsh-generated/resources/Binary-LM.IMMZ.NFXNREQ.088.json	329	-	0	0	0	0	0	0	0	0	0	0	0	0	0	0	0	0	0	0	15	9	0	0	0	0	0	0
/fsh-generated/resources/Binary-LM.IMMZ.NFXNREQ.089.json	332	-	0	0	0	0	0	0	0	0	0	0	0	0	0	0	0	0	0	0	14	8	0	0	0	0	0	0
/fsh-generated/resources/Binary-LM.IMMZ.NFXNREQ.090.json	340	-	0	0	0	0	0	0	0	0	0	0	0	0	0	0	0	0	0	0	17	8	0	0	0	0	0	0
/fsh-generated/resources/Binary-LM.IMMZ.NFXNREQ.091.json	341	-	0	0	1	0	0	0	0	0	0	0	0	0	0	0	0	0	0	0	20	9	0	0	0	0	0	0
/fsh-generated/resources/Binary-LM.IMMZ.NFXNREQ.092.json	372	-	0	0	0	0	0	0	0	0	0	0	0	0	0	0	0	0	0	0	14	8	0	0	0	0	0	0
/fsh-generated/resources/Binary-LM.IMMZ.NFXNREQ.093.json	357	-	0	0	0	0	0	0	0	0	0	0	0	0	0	0	0	0	0	0	15	9	0	0	0	0	0	0
/fsh-generated/resources/Binary-LM.IMMZ.NFXNREQ.094.json	317	-	0	0	0	0	0	0	0	0	0	0	0	0	0	0	0	0	0	0	15	8	0	0	0	0	0	0
/fsh-generated/resources/Binary-LM.IMMZ.NFXNREQ.095.json	348	-	0	0	0	0	0	0	0	0	0	0	0	0	0	0	0	0	0	0	15	8	0	0	0	0	0	0
/fsh-generated/resources/Binary-LM.IMMZ.NFXNREQ.096.json	318	-	0	0	0	0	0	0	0	0	0	0	0	0	0	0	0	0	0	0	14	8	0	0	0	0	0	0
/fsh-generated/resources/Binary-LM.IMMZ.NFXNREQ.097.json	306	-	0	0	0	0	0	0	0	0	0	0	0	0	0	0	0	0	0	0	15	8	0	0	0	0	0	0
/fsh-generated/resources/Binary-LM.IMMZ.NFXNREQ.098.json	314	-	0	0	0	0	0	0	0	0	0	0	0	0	0	0	0	0	0	0	14	9	0	0	0	0	0	0
/fsh-generated/resources/Binary-LM.IMMZ.NFXNREQ.099.json	332	-	0	0	0	0	0	0	0	0	0	0	0	0	0	0	0	0	0	0	14	8	0	0	0	0	0	0
/fsh-generated/resources/Binary-LM.IMMZ.NFXNREQ.100.json	354	-	0	0	0	0	0	0	0	0	0	0	0	0	0	0	0	0	0	0	14	8	0	0	0	0	0	0
/fsh-generated/resources/Binary-LM.IMMZ.NFXNREQ.101.json	365	-	0	0	0	0	0	0	0	0	0	0	0	0	0	0	0	0	0	0	15	9	0	0	0	0	0	0
/fsh-generated/resources/Binary-LM.IMMZ.NFXNREQ.102.json	354	-	0	0	0	0	0	0	0	0	0	0	0	0	0	0	0	0	0	0	16	8	0	0	0	0	0	0
/fsh-generated/resources/Binary-LM.IMMZ.NFXNREQ.103.json	344	-	0	0	1	0	0	0	0	0	0	0	0	0	0	0	0	0	0	0	15	8	0	0	0	0	0	0
/fsh-generated/resources/Binary-LM.IMMZ.NFXNREQ.104.json	343	-	0	0	0	0	0	0	0	0	0	0	0	0	0	0	0	0	0	0	14	8	0	0	0	0	0	0
/fsh-generated/resources/Binary-LM.IMMZ.NFXNREQ.105.json	322	-	0	0	0	0	0	0	0	0	0	0	0	0	0	0	0	0	0	0	15	9	0	0	0	0	0	0
/fsh-generated/resources/Binary-LM.IMMZ.NFXNREQ.106.json	341	-	0	0	0	0	0	0	0	0	0	0	0	0	0	0	0	0	0	0	14	8	0	0	0	0	0	0
/fsh-generated/resources/Binary-LM.IMMZ.NFXNREQ.107.json	410	-	0	0	0	0	0	0	0	0	0	0	0	0	0	0	0	0	0	0	16	8	0	0	0	0	0	0
/fsh-generated/resources/Binary-LM.IMMZ.NFXNREQ.108.json	348	-	0	0	0	0	0	0	0	0	0	0	0	0	0	0	0	0	0	0	14	8	0	0	0	0	0	0
/fsh-generated/resources/Binary-LM.IMMZ.NFXNREQ.109.json	328	-	0	0	0	0	0	0	0	0	0	0	0	0	0	0	0	0	0	0	18	9	0	0	0	0	0	0
/fsh-generated/resources/Binary-LM.IMMZ.NFXNREQ.110.json	318	-	0	0	0	0	0	0	0	0	0	0	0	0	0	0	0	0	0	0	15	8	0	0	0	0	0	0
/fsh-generated/resources/Binary-LM.IMMZ.NFXNREQ.111.json	320	-	0	0	0	0	0	0	0	0	0	0	0	0	0	0	0	0	0	0	14	8	0	0	0	0	0	0
/fsh-generated/resources/Binary-LM.IMMZ.NFXNREQ.112.json	310	-	0	0	0	0	0	0	0	0	0	0	0	0	0	0	0	0	0	0	16	8	1	0	0	0	0	0
/fsh-generated/resources/Binary-LM.IMMZ.NFXNREQ.113.json	335	-	0	0	0	0	0	0	0	0	0	0	0	0	0	0	0	0	0	0	15	9	0	0	0	0	0	0
/fsh-generated/resources/Binary-LM.IMMZ.NFXNREQ.114.json	327	-	0	0	0	0	0	0	0	0	0	0	0	0	0	0	0	0	0	0	15	8	0	0	0	0	0	0
/fsh-generated/resources/Binary-LM.IMMZ.NFXNREQ.115.json	303	-	0	0	1	0	0	0	0	0	0	0	0	0	0	0	0	0	0	0	14	9	0	0	0	0	0	0
/fsh-generated/resources/Binary-LM.IMMZ.NFXNREQ.116.json	336	-	0	0	0	0	0	0	0	0	0	0	0	0	0	0	0	0	0	0	14	8	0	0	0	0	0	0
/fsh-generated/resources/Binary-LM.IMMZ.NFXNREQ.117.json	330	-	0	0	0	0	0	0	0	0	0	0	0	0	0	0	0	0	0	0	17	8	0	0	0	0	0	0
